Date,V,DOW
2008-03-19,708486000,328460000
2008-03-20,198985200,502650000
2008-03-24,149566400,264320000
2008-03-25,87092000,237650000
2008-03-26,43111600,235020000
2008-03-27,39829600,235390000
2008-03-28,24675200,209000000
2008-03-31,22157200,273610000
2008-04-01,60410800,295530000
2008-04-02,43836400,232760000
2008-04-03,100868000,183870000
2008-04-04,36394400,181260000
2008-04-07,28301600,198070000
2008-04-08,53925600,197200000
2008-04-09,48324400,194950000
2008-04-10,22372000,227330000
2008-04-11,26421600,286850000
2008-04-14,28443600,216010000
2008-04-15,23888000,208950000
2008-04-16,25136800,269490000
2008-04-17,22459600,217000000
2008-04-18,104099600,304030000
2008-04-21,58848000,192400000
2008-04-22,47357600,214950000
2008-04-23,37319600,244120000
2008-04-24,38086800,249920000
2008-04-25,101460000,240760000
2008-04-28,132517200,222300000
2008-04-29,197308400,218020000
2008-04-30,147543600,255070000
2008-05-01,116395600,245480000
2008-05-02,136648800,205410000
2008-05-05,70377200,197810000
2008-05-06,75913200,199370000
2008-05-07,100464800,235000000
2008-05-08,92836400,195570000
2008-05-09,94312000,180240000
2008-05-12,147471600,198110000
2008-05-13,53249600,236710000
2008-05-14,51400400,206820000
2008-05-15,36688800,217780000
2008-05-16,34066800,249260000
2008-05-19,45473200,193770000
2008-05-20,40702000,265220000
2008-05-21,41831600,265810000
2008-05-22,85283600,216360000
2008-05-23,42196400,190210000
2008-05-27,62776400,201530000
2008-05-28,52996000,213680000
2008-05-29,100613200,206420000
2008-05-30,72016000,210230000
2008-06-02,36856000,199090000
2008-06-03,48411600,227460000
2008-06-04,40684400,238590000
2008-06-05,27059600,236160000
2008-06-06,41748000,307820000
2008-06-09,45240000,266350000
2008-06-10,36048400,240760000
2008-06-11,56996400,247120000
2008-06-12,44605600,260960000
2008-06-13,30689200,247980000
2008-06-16,34384000,222140000
2008-06-17,33277600,174690000
2008-06-18,33724000,212900000
2008-06-19,36925200,230920000
2008-06-20,42546800,429700000
2008-06-23,30141200,182870000
2008-06-24,49891200,225270000
2008-06-25,50711600,236160000
2008-06-26,76562800,302550000
2008-06-27,176022800,338250000
2008-06-30,49301200,282210000
2008-07-01,44921600,299590000
2008-07-02,33804000,230690000
2008-07-03,28738800,176910000
2008-07-07,79944400,248240000
2008-07-08,95796400,271500000
2008-07-09,55322000,227100000
2008-07-10,52812000,248010000
2008-07-11,54645200,275010000
2008-07-14,42679600,205360000
2008-07-15,84268800,331390000
2008-07-16,92448800,307590000
2008-07-17,67268800,335260000
2008-07-18,46632000,378610000
2008-07-21,52937200,212850000
2008-07-22,65408000,273690000
2008-07-23,49942800,264520000
2008-07-24,36625600,241140000
2008-07-25,38690800,190920000
2008-07-28,35699200,197550000
2008-07-29,49040400,206930000
2008-07-30,76089200,208520000
2008-07-31,148888800,220200000
2008-08-01,61715600,189700000
2008-08-04,42686000,170250000
2008-08-05,34354800,234990000
2008-08-06,40924000,180060000
2008-08-07,43847200,229610000
2008-08-08,36354400,212830000
2008-08-11,55289200,183190000
2008-08-12,33734400,173590000
2008-08-13,29924800,182550000
2008-08-14,25839200,159790000
2008-08-15,26003200,215040000
2008-08-18,25850400,156290000
2008-08-19,21104800,171580000
2008-08-20,18118800,144880000
2008-08-21,15544800,130020000
2008-08-22,20955600,138790000
2008-08-25,18039600,148610000
2008-08-26,18667200,119800000
2008-08-27,19141600,120580000
2008-08-28,26741200,149150000
2008-08-29,19326400,166910000
2008-09-02,29898400,177090000
2008-09-03,35400800,174250000
2008-09-04,37670000,229200000
2008-09-05,40616800,198300000
2008-09-08,56669600,273000000
2008-09-09,49882000,257300000
2008-09-10,43936800,214260000
2008-09-11,47132000,247820000
2008-09-12,28240400,238890000
2008-09-15,38734400,432970000
2008-09-16,83596400,494760000
2008-09-17,67536800,463200000
2008-09-18,84189200,488060000
2008-09-19,68941600,655110000
2008-09-22,46266400,213210000
2008-09-23,43803600,204480000
2008-09-24,24532400,183630000
2008-09-25,23895200,218530000
2008-09-26,51171200,232560000
2008-09-29,78439200,385940000
2008-09-30,38720400,319770000
2008-10-01,27054000,256670000
2008-10-02,35216000,395330000
2008-10-03,58355600,299690000
2008-10-06,87360800,391460000
2008-10-07,75845600,362520000
2008-10-08,75210400,479270000
2008-10-09,42537600,436740000
2008-10-10,72541600,674920000
2008-10-13,49433200,399290000
2008-10-14,53142400,412740000
2008-10-15,76699200,374350000
2008-10-16,56062800,422450000
2008-10-17,35098400,360600000
2008-10-20,35965600,241400000
2008-10-21,28995600,231160000
2008-10-22,40243600,348840000
2008-10-23,47970000,340740000
2008-10-24,40798800,335680000
2008-10-27,41901600,281180000
2008-10-28,58436000,372160000
2008-10-29,55994400,316230000
2008-10-30,74913200,267210000
2008-10-31,40372800,310950000
2008-11-03,28425200,180970000
2008-11-04,73603600,254930000
2008-11-05,44992000,264640000
2008-11-06,52092800,344350000
2008-11-07,30906400,246300000
2008-11-10,26516800,221230000
2008-11-11,32392800,257270000
2008-11-12,42746000,314660000
2008-11-13,38733600,476600000
2008-11-14,37410400,304370000
2008-11-17,29303200,278220000
2008-11-18,31482800,366390000
2008-11-19,34948000,350470000
2008-11-20,50990000,528130000
2008-11-21,84771200,569010000
2008-11-24,44853600,491890000
2008-11-25,44959600,374020000
2008-11-26,27670000,283920000
2008-11-28,10610000,155510000
2008-12-01,30951600,321010000
2008-12-02,26573200,307520000
2008-12-03,36399600,294680000
2008-12-04,30484400,280880000
2008-12-05,40991600,346370000
2008-12-08,53093600,358970000
2008-12-09,32127200,284950000
2008-12-10,30186800,232830000
2008-12-11,29928400,290540000
2008-12-12,25100000,271030000
2008-12-15,21858800,229940000
2008-12-16,30714400,337190000
2008-12-17,24687600,239260000
2008-12-18,30374800,274080000
2008-12-19,35585200,550150000
2008-12-22,14083600,211090000
2008-12-23,10670400,174640000
2008-12-24,6529600,66930000
2008-12-26,6476400,86760000
2008-12-29,13801600,153730000
2008-12-30,17095200,162560000
2008-12-31,16371600,226760000
2009-01-02,13199200,213700000
2009-01-05,16600000,233760000
2009-01-06,32506400,215410000
2009-01-07,28441600,266710000
2009-01-08,34683600,226620000
2009-01-09,16702400,204300000
2009-01-12,31520400,273550000
2009-01-13,23133200,304050000
2009-01-14,25246800,355050000
2009-01-15,47446400,436660000
2009-01-16,69204800,439360000
2009-01-20,59766000,419200000
2009-01-21,50503200,410040000
2009-01-22,31927600,420040000
2009-01-23,22617200,370510000
2009-01-26,24009200,316720000
2009-01-27,26436000,247750000
2009-01-28,32089600,357940000
2009-01-29,26097600,247450000
2009-01-30,30315200,303160000
2009-02-02,28544000,293890000
2009-02-03,28953600,313090000
2009-02-04,33166400,345520000
2009-02-05,96728400,390980000
2009-02-06,45907600,396380000
2009-02-09,31874400,289280000
2009-02-10,38071600,449890000
2009-02-11,23668000,270280000
2009-02-12,34827600,331960000
2009-02-13,40788000,251960000
2009-02-17,35581600,332850000
2009-02-18,36329200,268220000
2009-02-19,35102400,301480000
2009-02-20,42908000,584900000
2009-02-23,31967200,406150000
2009-02-24,43590800,468010000
2009-02-25,34394800,450270000
2009-02-26,35902400,321300000
2009-02-27,47237200,667950000
2009-03-02,39060000,568670000
2009-03-03,42195600,445280000
2009-03-04,35775200,464830000
2009-03-05,44144800,509770000
2009-03-06,60701600,425170000
2009-03-09,33554400,365990000
2009-03-10,38644400,640020000
2009-03-11,36124400,524430000
2009-03-12,43276000,488690000
2009-03-13,49564400,479010000
2009-03-16,33474400,586970000
2009-03-17,25730400,391880000
2009-03-18,45296400,584110000
2009-03-19,41743600,559920000
2009-03-20,33476000,672950000
2009-03-23,44656800,515600000
2009-03-24,43555600,379670000
2009-03-25,58624800,454090000
2009-03-26,59466400,397260000
2009-03-27,32687200,323650000
2009-03-30,38596400,383260000
2009-03-31,47446400,399840000
2009-04-01,44144400,361340000
2009-04-02,47396800,442820000
2009-04-03,57694800,308210000
2009-04-06,44927600,247400000
2009-04-07,27122400,276920000
2009-04-08,23815600,255350000
2009-04-09,45785600,462060000
2009-04-13,38124400,424250000
2009-04-14,35712000,513010000
2009-04-15,29687600,413280000
2009-04-16,36114000,359470000
2009-04-17,37814400,537670000
2009-04-20,42577200,453660000
2009-04-21,37746000,424030000
2009-04-22,34680000,387030000
2009-04-23,35890800,327240000
2009-04-24,39686000,402720000
2009-04-27,29496800,282990000
2009-04-28,42287600,274710000
2009-04-29,59240400,300340000
2009-04-30,101753600,341400000
2009-05-01,60616800,237360000
2009-05-04,78935200,354490000
2009-05-05,56786000,311490000
2009-05-06,41830400,454480000
2009-05-07,34731200,476640000
2009-05-08,37834800,428420000
2009-05-11,25980000,332630000
2009-05-12,36373600,334840000
2009-05-13,47555600,336930000
2009-05-14,32861600,323800000
2009-05-15,24682000,308820000
2009-05-18,59304400,288280000
2009-05-19,45784400,277710000
2009-05-20,33858000,468640000
2009-05-21,55723600,302280000
2009-05-22,21735200,244190000
2009-05-26,20556800,314760000
2009-05-27,27156800,285990000
2009-05-28,20184000,290730000
2009-05-29,32198400,361910000
2009-06-01,43628000,354830000
2009-06-02,31043600,257560000
2009-06-03,35362800,252160000
2009-06-04,56221200,237800000
2009-06-05,74260800,254970000
2009-06-08,20636000,189630000
2009-06-09,21773200,187930000
2009-06-10,33797200,219920000
2009-06-11,43948800,249900000
2009-06-12,80963200,164020000
2009-06-15,25564400,230220000
2009-06-16,29788400,240690000
2009-06-17,32063600,237870000
2009-06-18,32168400,220050000
2009-06-19,25469200,528710000
2009-06-22,30168000,291240000
2009-06-23,19989600,237150000
2009-06-24,22798800,189430000
2009-06-25,20882800,222540000
2009-06-26,19751600,307640000
2009-06-29,22680800,216480000
2009-06-30,49253600,233340000
2009-07-01,26167600,184600000
2009-07-02,21514800,157800000
2009-07-06,23382400,206900000
2009-07-07,30361600,210880000
2009-07-08,64080400,325250000
2009-07-09,26616400,192660000
2009-07-10,16654800,174260000
2009-07-13,30640000,253520000
2009-07-14,13291200,189170000
2009-07-15,36492400,305000000
2009-07-16,50086000,216580000
2009-07-17,18075600,301410000
2009-07-20,32220400,213730000
2009-07-21,17742800,218910000
2009-07-22,25328400,199010000
2009-07-23,19396000,274760000
2009-07-24,13194800,214310000
2009-07-27,14245200,176830000
2009-07-28,22644800,198270000
2009-07-29,22032400,190510000
2009-07-30,57776000,232410000
2009-07-31,33046800,265570000
2009-08-03,30334400,221690000
2009-08-04,18686400,195990000
2009-08-05,19874400,236610000
2009-08-06,20892800,244450000
2009-08-07,15380400,216600000
2009-08-10,10038800,161370000
2009-08-11,14537600,171380000
2009-08-12,14430400,197420000
2009-08-13,14968400,145620000
2009-08-14,12207600,172780000
2009-08-17,19771200,207100000
2009-08-18,17076800,158530000
2009-08-19,15451600,176910000
2009-08-20,12149200,151740000
2009-08-21,27450800,293530000
2009-08-24,19978400,190590000
2009-08-25,17574400,173890000
2009-08-26,18964400,154660000
2009-08-27,20604000,163980000
2009-08-28,14021600,205770000
2009-08-31,21521200,201600000
2009-09-01,22288400,267680000
2009-09-02,13335200,175200000
2009-09-03,17066400,168750000
2009-09-04,9894400,152400000
2009-09-08,12220400,202370000
2009-09-09,16388000,190820000
2009-09-10,17001600,234130000
2009-09-11,15394000,196760000
2009-09-14,13099200,196480000
2009-09-15,15351200,224030000
2009-09-16,16601600,241270000
2009-09-17,14236400,225470000
2009-09-18,15210000,424930000
2009-09-21,12940400,172830000
2009-09-22,15248400,194620000
2009-09-23,14976400,233330000
2009-09-24,16050400,201890000
2009-09-25,48175200,189350000
2009-09-28,18369600,163780000
2009-09-29,41892400,154000000
2009-09-30,30467200,268390000
2009-10-01,28217200,266990000
2009-10-02,35416400,219750000
2009-10-05,19902400,173850000
2009-10-06,36431200,206020000
2009-10-07,49056800,167650000
2009-10-08,24105200,209580000
2009-10-09,20736800,161120000
2009-10-12,19282400,158850000
2009-10-13,23606000,211510000
2009-10-14,27132800,284810000
2009-10-15,22272400,252480000
2009-10-16,14942000,307770000
2009-10-19,14582800,186240000
2009-10-20,16502800,214500000
2009-10-21,16275600,251050000
2009-10-22,21757600,231900000
2009-10-23,25499200,305670000
2009-10-26,34836400,270050000
2009-10-27,40189600,237060000
2009-10-28,77930400,257370000
2009-10-29,41498400,248950000
2009-10-30,27308800,327980000
2009-11-02,25322800,242460000
2009-11-03,26090800,231520000
2009-11-04,24364000,224130000
2009-11-05,16350400,211040000
2009-11-06,15763600,181010000
2009-11-09,26318800,227470000
2009-11-10,19660000,193950000
2009-11-11,14662800,166920000
2009-11-12,12969200,183810000
2009-11-13,13697600,167280000
2009-11-16,23030400,202570000
2009-11-17,15734000,158320000
2009-11-18,11470800,166340000
2009-11-19,36533600,196250000
2009-11-20,12538400,230430000
2009-11-23,17463600,182350000
2009-11-24,12153200,163750000
2009-11-25,11494800,130080000
2009-11-27,9295200,130290000
2009-11-30,15704800,223580000
2009-12-01,24410000,190220000
2009-12-02,12852800,159500000
2009-12-03,19122800,243970000
2009-12-04,21865600,460660000
2009-12-07,9660800,196580000
2009-12-08,10418800,221770000
2009-12-09,16743600,188610000
2009-12-10,14546800,195910000
2009-12-11,11518800,179970000
2009-12-14,70498800,154360000
2009-12-15,38040000,187560000
2009-12-16,33778800,208310000
2009-12-17,38240000,198860000
2009-12-18,337533600,480080000
2009-12-21,44560800,164470000
2009-12-22,28816800,135080000
2009-12-23,23111600,112460000
2009-12-24,6912400,52670000
2009-12-28,13439600,102010000
2009-12-29,18743200,92890000
2009-12-30,12350800,110160000
2009-12-31,12643600,137940000
2010-01-04,20180000,179780000
2010-01-05,25833600,188540000
2010-01-06,16254000,186040000
2010-01-07,27841200,217390000
2010-01-08,11907200,172710000
2010-01-11,12912000,182050000
2010-01-12,12842000,256050000
2010-01-13,13428800,202810000
2010-01-14,18379600,201320000
2010-01-15,21295200,362930000
2010-01-19,15239600,192150000
2010-01-20,12771200,203270000
2010-01-21,28140800,304290000
2010-01-22,29776400,323620000
2010-01-25,16147200,215330000
2010-01-26,12437600,217300000
2010-01-27,19335200,262170000
2010-01-28,13070800,240050000
2010-01-29,20281600,316900000
2010-02-01,16098000,198430000
2010-02-02,14441600,237140000
2010-02-03,32197600,198940000
2010-02-04,66486800,304240000
2010-02-05,38687200,308320000
2010-02-08,23966800,216270000
2010-02-09,17968000,236210000
2010-02-10,14572800,178600000
2010-02-11,18044800,194470000
2010-02-12,22114800,296510000
2010-02-16,16065600,234900000
2010-02-17,14976800,193270000
2010-02-18,15289200,185310000
2010-02-19,13672000,241750000
2010-02-22,11572800,158440000
2010-02-23,19129200,190740000
2010-02-24,16210000,181450000
2010-02-25,14140800,242550000
2010-02-26,12476400,282120000
2010-03-01,13495200,173750000
2010-03-02,12901200,217180000
2010-03-03,13658000,183290000
2010-03-04,14576800,165740000
2010-03-05,19503600,184270000
2010-03-08,31258400,171780000
2010-03-09,36690800,219860000
2010-03-10,28438800,186570000
2010-03-11,55125200,150000000
2010-03-12,28641200,166140000
2010-03-15,20734000,160570000
2010-03-16,19068000,227410000
2010-03-17,14785200,194190000
2010-03-18,18766000,153280000
2010-03-19,24224000,434190000
2010-03-22,16674400,157200000
2010-03-23,13516400,189140000
2010-03-24,15611600,195570000
2010-03-25,20353600,200330000
2010-03-26,13536000,175490000
2010-03-29,11134400,136710000
2010-03-30,16330800,148810000
2010-03-31,12504400,197060000
2010-04-01,17464400,159520000
2010-04-05,15363200,139480000
2010-04-06,13813600,159960000
2010-04-07,14750400,187000000
2010-04-08,10770000,158930000
2010-04-09,9567200,150660000
2010-04-12,9323200,153960000
2010-04-13,11436000,183950000
2010-04-14,17329200,223920000
2010-04-15,20639200,203720000
2010-04-16,18766400,373950000
2010-04-19,12586400,214850000
2010-04-20,9090400,175170000
2010-04-21,11365600,188880000
2010-04-22,14658400,214700000
2010-04-23,12498800,207380000
2010-04-26,18274800,191920000
2010-04-27,17868400,263400000
2010-04-28,20395200,236760000
2010-04-29,29408000,194310000
2010-04-30,25059600,255130000
2010-05-03,31020000,178080000
2010-05-04,30622800,242100000
2010-05-05,37174400,218830000
2010-05-06,63938000,459890000
2010-05-07,45519200,428730000
2010-05-10,35106800,313350000
2010-05-11,47244000,223950000
2010-05-12,37131600,196630000
2010-05-13,31835600,201480000
2010-05-14,169829200,256500000
2010-05-17,90552000,221910000
2010-05-18,189331200,246370000
2010-05-19,131631200,266340000
2010-05-20,101612800,360350000
2010-05-21,79601200,438220000
2010-05-24,41148000,211430000
2010-05-25,45448000,316960000
2010-05-26,44406000,316080000
2010-05-27,39094800,264770000
2010-05-28,26581200,243720000
2010-06-01,25082000,221900000
2010-06-02,37608800,200850000
2010-06-03,39125600,176870000
2010-06-04,42138400,256600000
2010-06-07,30615200,222940000
2010-06-08,30502800,259680000
2010-06-09,35586800,222680000
2010-06-10,36380000,221730000
2010-06-11,30177200,187890000
2010-06-14,37456800,177920000
2010-06-15,31226400,203170000
2010-06-16,28142000,165700000
2010-06-17,29133200,181070000
2010-06-18,29732800,338010000
2010-06-21,115862800,165190000
2010-06-22,46870800,175750000
2010-06-23,27933600,195100000
2010-06-24,26277600,244440000
2010-06-25,24130400,434500000
2010-06-28,20523600,164100000
2010-06-29,39851600,290500000
2010-06-30,24716400,235090000
2010-07-01,30360000,262820000
2010-07-02,18801200,199570000
2010-07-06,23726000,261020000
2010-07-07,20873600,219560000
2010-07-08,16231600,192210000
2010-07-09,22479600,134810000
2010-07-12,15832800,131490000
2010-07-13,19931600,179040000
2010-07-14,12814800,208530000
2010-07-15,16489200,210000000
2010-07-16,39060000,335060000
2010-07-19,20019200,176970000
2010-07-20,19106400,194410000
2010-07-21,15907600,203900000
2010-07-22,19493200,202220000
2010-07-23,12660800,200000000
2010-07-26,15792800,178820000
2010-07-27,17352400,180550000
2010-07-28,25205200,162070000
2010-07-29,58866800,202110000
2010-07-30,30784800,208160000
2010-08-02,53846800,167640000
2010-08-03,34164800,164880000
2010-08-04,20499200,173360000
2010-08-05,30787600,139610000
2010-08-06,19362800,154870000
2010-08-09,28612400,166330000
2010-08-10,31068400,203490000
2010-08-11,23113600,219330000
2010-08-12,24677200,221030000
2010-08-13,14566800,151620000
2010-08-16,10700800,146040000
2010-08-17,13334000,191340000
2010-08-18,12232000,168560000
2010-08-19,18442400,227740000
2010-08-20,31538400,251150000
2010-08-23,18389600,173000000
2010-08-24,26747600,223680000
2010-08-25,22398800,183890000
2010-08-26,14099200,176330000
2010-08-27,15654000,207760000
2010-08-30,14000000,150480000
2010-08-31,23217200,255420000
2010-09-01,17290400,205710000
2010-09-02,16776800,149930000
2010-09-03,14072000,168600000
2010-09-07,14419200,149040000
2010-09-08,45012000,166760000
2010-09-09,53064000,163590000
2010-09-10,31392000,140320000
2010-09-13,60549200,190720000
2010-09-14,39616000,192410000
2010-09-15,43076400,167420000
2010-09-16,29800400,170300000
2010-09-17,41961600,367230000
2010-09-20,29386800,157120000
2010-09-21,25300000,186740000
2010-09-22,25826400,168590000
2010-09-23,26984000,156830000
2010-09-24,21028800,179270000
2010-09-27,20098400,143910000
2010-09-28,29212800,167110000
2010-09-29,27882000,158830000
2010-09-30,23144000,214540000
2010-10-01,18121600,161890000
2010-10-04,23152000,160370000
2010-10-05,20658000,216240000
2010-10-06,15120800,163440000
2010-10-07,9975200,141920000
2010-10-08,9381600,152280000
2010-10-11,10399200,114830000
2010-10-12,13899200,155150000
2010-10-13,29848000,224920000
2010-10-14,21303200,196170000
2010-10-15,14348000,319210000
2010-10-18,20168800,190290000
2010-10-19,28970400,247640000
2010-10-20,19824000,220140000
2010-10-21,19506400,178060000
2010-10-22,14815600,104570000
2010-10-25,16515600,168110000
2010-10-26,15630400,159040000
2010-10-27,20665600,167080000
2010-10-28,44460800,156250000
2010-10-29,22865200,189650000
2010-11-01,13677200,150130000
2010-11-02,15381600,150390000
2010-11-03,14124400,177580000
2010-11-04,20202000,234680000
2010-11-05,23766400,211670000
2010-11-08,12224800,143990000
2010-11-09,10806400,161910000
2010-11-10,11910800,164170000
2010-11-11,9205200,296660000
2010-11-12,13316000,217650000
2010-11-15,13310000,155660000
2010-11-16,20359200,254570000
2010-11-17,14880000,160250000
2010-11-18,17200800,171770000
2010-11-19,10312000,219400000
2010-11-22,19955600,152850000
2010-11-23,14625600,192820000
2010-11-24,17354800,138280000
2010-11-26,4349600,68400000
2010-11-29,21576400,151530000
2010-11-30,18542000,233770000
2010-12-01,22343200,202520000
2010-12-02,26758800,212090000
2010-12-03,20678400,149440000
2010-12-06,18351200,122240000
2010-12-07,25374800,175720000
2010-12-08,14308800,152510000
2010-12-09,14858400,167970000
2010-12-10,23734800,151820000
2010-12-13,40988400,151190000
2010-12-14,24787600,149860000
2010-12-15,45802000,189670000
2010-12-16,202230800,163040000
2010-12-17,167890800,358300000
2010-12-20,64190800,125360000
2010-12-21,43468400,119420000
2010-12-22,23286800,122040000
2010-12-23,16600800,100840000
2010-12-27,31037600,76820000
2010-12-28,19129600,114100000
2010-12-29,12998000,77800000
2010-12-30,11019200,76820000
2010-12-31,11102000,93330000
2011-01-03,25710000,203420000
2011-01-04,18138000,178630000
2011-01-05,38512800,169990000
2011-01-06,28358800,193080000
2011-01-07,28248400,188720000
2011-01-10,18202400,150340000
2011-01-11,20593600,157440000
2011-01-12,18545200,144960000
2011-01-13,28109600,161660000
2011-01-14,25165600,200770000
2011-01-18,19341600,203390000
2011-01-19,42852800,166250000
2011-01-20,81365200,180800000
2011-01-21,24783600,249480000
2011-01-24,22922000,184000000
2011-01-25,30279600,191950000
2011-01-26,17839600,168320000
2011-01-27,19417200,167770000
2011-01-28,25048400,214170000
2011-01-31,24602800,206580000
2011-02-01,25448800,180890000
2011-02-02,27162400,143440000
2011-02-03,33462800,143710000
2011-02-04,28833600,121780000
2011-02-07,22240400,132960000
2011-02-08,15376000,126650000
2011-02-09,18674400,162910000
2011-02-10,24752400,274440000
2011-02-11,17280400,184290000
2011-02-14,28970800,146350000
2011-02-15,15855200,142580000
2011-02-16,20147200,146270000
2011-02-17,23475600,130860000
2011-02-18,26009600,230040000
2011-02-22,31588800,201860000
2011-02-23,28714800,213490000
2011-02-24,19613200,190860000
2011-02-25,24869600,147540000
2011-02-28,24857200,199560000
2011-03-01,26993600,183240000
2011-03-02,21544000,147270000
2011-03-03,20388000,157840000
2011-03-04,19520000,166700000
2011-03-07,18637200,176200000
2011-03-08,33497600,158610000
2011-03-09,17861600,128360000
2011-03-10,28557600,180660000
2011-03-11,17335600,143670000
2011-03-14,13971600,163000000
2011-03-15,24180400,221930000
2011-03-16,24056800,254070000
2011-03-17,13790400,182260000
2011-03-18,25268400,355050000
2011-03-21,14807600,143390000
2011-03-22,15354400,115660000
2011-03-23,17580000,133940000
2011-03-24,20558800,131610000
2011-03-25,29466800,129790000
2011-03-28,23174800,123070000
2011-03-29,23558400,129030000
2011-03-30,59673200,140340000
2011-03-31,18555200,186140000
2011-04-01,17270000,147600000
2011-04-04,15529200,114660000
2011-04-05,18078800,142340000
2011-04-06,18132000,182350000
2011-04-07,22079200,158590000
2011-04-08,23977200,122820000
2011-04-11,19004400,109950000
2011-04-12,20512000,137260000
2011-04-13,18258400,118950000
2011-04-14,18609200,140670000
2011-04-15,20256000,234710000
2011-04-18,15332000,190220000
2011-04-19,14261200,149870000
2011-04-20,14838400,203900000
2011-04-21,10989600,166630000
2011-04-25,7126400,128660000
2011-04-26,15200000,183980000
2011-04-27,8982400,160550000
2011-04-28,11416000,148760000
2011-04-29,10877600,378620000
2011-05-02,13503600,150960000
2011-05-03,18944800,191510000
2011-05-04,17334400,193720000
2011-05-05,20991600,176950000
2011-05-06,29754400,168320000
2011-05-09,19093200,133940000
2011-05-10,19706400,156000000
2011-05-11,17667600,200680000
2011-05-12,25078400,216510000
2011-05-13,21474000,169940000
2011-05-16,18763200,192310000
2011-05-17,22112000,192830000
2011-05-18,20127200,175120000
2011-05-19,14941200,158470000
2011-05-20,17216000,174980000
2011-05-23,18258400,150720000
2011-05-24,14828400,145920000
2011-05-25,18002800,145750000
2011-05-26,21110800,149070000
2011-05-27,15344800,126030000
2011-05-31,15274400,208290000
2011-06-01,17732800,183020000
2011-06-02,19466400,156370000
2011-06-03,18954400,157740000
2011-06-06,17628000,166600000
2011-06-07,27764800,162610000
2011-06-08,80785200,156870000
2011-06-09,32074000,149700000
2011-06-10,29456800,178310000
2011-06-13,20820000,153370000
2011-06-14,30033600,159620000
2011-06-15,22775600,182500000
2011-06-16,21041600,189500000
2011-06-17,25859200,342010000
2011-06-20,22546800,127250000
2011-06-21,25295200,147570000
2011-06-22,17722000,125330000
2011-06-23,20405600,206760000
2011-06-24,39700800,279660000
2011-06-27,20880000,177920000
2011-06-28,23297600,135050000
2011-06-29,132109200,158720000
2011-06-30,119880400,179980000
2011-07-01,61742400,141870000
2011-07-05,33089600,123000000
2011-07-06,33615200,132330000
2011-07-07,48524000,153740000
2011-07-08,20818800,131150000
2011-07-11,25733600,133250000
2011-07-12,18421200,162640000
2011-07-13,18855600,139970000
2011-07-14,17211600,140810000
2011-07-15,15998000,215420000
2011-07-18,13515200,148950000
2011-07-19,21594800,167550000
2011-07-20,9474400,140340000
2011-07-21,21060400,188410000
2011-07-22,9035200,136760000
2011-07-25,13357200,128760000
2011-07-26,10704000,145140000
2011-07-27,24094800,182770000
2011-07-28,19224800,148710000
2011-07-29,16708400,230910000
2011-08-01,13512800,182820000
2011-08-02,17327200,207060000
2011-08-03,35308800,198220000
2011-08-04,38827200,300760000
2011-08-05,33626800,406310000
2011-08-08,58529200,479980000
2011-08-09,58702000,431410000
2011-08-10,38429600,396300000
2011-08-11,37359600,393190000
2011-08-12,16598800,228030000
2011-08-15,18328800,188120000
2011-08-16,20360000,187800000
2011-08-17,19090000,171280000
2011-08-18,32999600,308520000
2011-08-19,31170000,336370000
2011-08-22,19341200,226720000
2011-08-23,20076000,244130000
2011-08-24,29150800,227380000
2011-08-25,24273200,255050000
2011-08-26,21498800,244410000
2011-08-29,18568800,177540000
2011-08-30,16622800,182090000
2011-08-31,24092800,229740000
2011-09-01,20800800,178110000
2011-09-02,15807200,174660000
2011-09-06,15809200,217420000
2011-09-07,16552800,166320000
2011-09-08,18386400,173040000
2011-09-09,26492400,228170000
2011-09-12,19608400,197160000
2011-09-13,17469600,189980000
2011-09-14,26147200,192600000
2011-09-15,21478400,172080000
2011-09-16,50275200,425900000
2011-09-19,22088000,157580000
2011-09-20,36064000,157060000
2011-09-21,28070400,221860000
2011-09-22,35689200,306170000
2011-09-23,21526000,223140000
2011-09-26,19095600,225620000
2011-09-27,20066800,212700000
2011-09-28,17090400,172410000
2011-09-29,15552000,191340000
2011-09-30,17952400,213200000
2011-10-03,26223600,242870000
2011-10-04,31600000,267440000
2011-10-05,25114000,226440000
2011-10-06,19486000,190030000
2011-10-07,17553200,188080000
2011-10-10,13322400,144270000
2011-10-11,17626800,133360000
2011-10-12,19065200,188130000
2011-10-13,13193600,143990000
2011-10-14,15800400,133570000
2011-10-17,13842800,140360000
2011-10-18,14400000,201410000
2011-10-19,21662400,169580000
2011-10-20,17646400,166100000
2011-10-21,14128800,264000000
2011-10-24,12138400,161870000
2011-10-25,16824000,161450000
2011-10-26,26746400,183730000
2011-10-27,41568000,251640000
2011-10-28,23299600,163620000
2011-10-31,17826000,185790000
2011-11-01,30528400,218290000
2011-11-02,24565200,154140000
2011-11-03,18410800,158170000
2011-11-04,13608400,126150000
2011-11-07,9647200,122110000
2011-11-08,19602000,144950000
2011-11-09,19594800,180200000
2011-11-10,11248800,165250000
2011-11-11,13648400,134520000
2011-11-14,10432000,119610000
2011-11-15,14153200,14510000
2011-11-16,12999600,166220000
2011-11-17,17227200,169830000
2011-11-18,12906000,181240000
2011-11-21,15844400,170960000
2011-11-22,13469600,148570000
2011-11-23,21064400,152220000
2011-11-25,6933600,87480000
2011-11-28,14792400,204950000
2011-11-29,14513600,156950000
2011-11-30,21504000,286790000
2011-12-01,19042400,143700000
2011-12-02,12928000,150110000
2011-12-05,16731600,153830000
2011-12-06,14135200,145920000
2011-12-07,16055200,168440000
2011-12-08,14238000,165880000
2011-12-09,11974000,154250000
2011-12-12,13644400,149050000
2011-12-13,13564000,171910000
2011-12-14,19150800,161240000
2011-12-15,21020000,136930000
2011-12-16,17556800,389520000
2011-12-19,23541200,135170000
2011-12-20,27454400,165180000
2011-12-21,15244000,163250000
2011-12-22,13439200,151610000
2011-12-23,7803200,80420000
2011-12-27,8719200,95980000
2011-12-28,9969600,84010000
2011-12-29,8637600,8410000
2011-12-30,8586800,96670000
2012-01-03,16829200,152560000
2012-01-04,16522000,145130000
2012-01-05,12096400,158440000
2012-01-06,13089200,131120000
2012-01-09,18002400,122200000
2012-01-10,18711600,141230000
2012-01-11,19016000,130260000
2012-01-12,16708800,128230000
2012-01-13,16623200,161470000
2012-01-17,17018800,148670000
2012-01-18,11752400,154170000
2012-01-19,14567600,148030000
2012-01-20,20032800,255110000
2012-01-23,16166400,149860000
2012-01-24,12140800,125420000
2012-01-25,15088400,135430000
2012-01-26,13939200,130840000
2012-01-27,11362800,164410000
2012-01-30,12476000,130430000
2012-01-31,13240400,168070000
2012-02-01,15376800,143500000
2012-02-02,33740400,114360000
2012-02-03,16533200,142840000
2012-02-06,13349600,108040000
2012-02-07,13045600,116150000
2012-02-08,22742000,138250000
2012-02-09,39601200,157080000
2012-02-10,21888800,123620000
2012-02-13,22078400,112240000
2012-02-14,17960800,120050000
2012-02-15,21701200,127560000
2012-02-16,15971600,134450000
2012-02-17,15512800,234650000
2012-02-21,10819600,164780000
2012-02-22,14381200,124200000
2012-02-23,10890800,120480000
2012-02-24,11094000,89440000
2012-02-27,15812800,143530000
2012-02-28,11937200,114490000
2012-02-29,15217600,182460000
2012-03-01,11174000,139670000
2012-03-02,12213600,93900000
2012-03-05,10153600,108630000
2012-03-06,13302000,142330000
2012-03-07,10694000,175110000
2012-03-08,9520400,103530000
2012-03-09,8457600,103240000
2012-03-12,7709200,100000000
2012-03-13,12785600,163130000
2012-03-14,14996000,163610000
2012-03-15,13293200,161650000
2012-03-16,16006400,392620000
2012-03-19,15918400,147120000
2012-03-20,10588000,131660000
2012-03-21,8427200,124860000
2012-03-22,9368000,122060000
2012-03-23,10151200,129930000
2012-03-26,16363600,122080000
2012-03-27,10662000,129280000
2012-03-28,8992000,141540000
2012-03-29,8691200,136250000
2012-03-30,12002000,171190000
2012-04-02,11777600,108790000
2012-04-03,15691600,123980000
2012-04-04,10308800,125000000
2012-04-05,13395600,109530000
2012-04-09,13295600,105580000
2012-04-10,10679200,159290000
2012-04-11,14171200,125210000
2012-04-12,17164000,119780000
2012-04-13,21497200,140990000
2012-04-16,18308400,120990000
2012-04-17,10328800,115320000
2012-04-18,8480000,113520000
2012-04-19,8522400,139810000
2012-04-20,7841200,212080000
2012-04-23,17347200,139370000
2012-04-24,9430800,134110000
2012-04-25,12150800,135260000
2012-04-26,11107600,107570000
2012-04-27,9787200,110850000
2012-04-30,9375200,127870000
2012-05-01,17178000,123400000
2012-05-02,25366800,100770000
2012-05-03,47838000,102090000
2012-05-04,23403600,113790000
2012-05-07,13476800,110080000
2012-05-08,14596800,138620000
2012-05-09,17672800,147460000
2012-05-10,13468000,151650000
2012-05-11,8139600,148370000
2012-05-14,16246400,143190000
2012-05-15,12589200,156060000
2012-05-16,17339600,143130000
2012-05-17,17814800,147430000
2012-05-18,25934800,240720000
2012-05-21,13272000,142110000
2012-05-22,18594400,133650000
2012-05-23,16558000,152190000
2012-05-24,12749600,126810000
2012-05-25,11780000,93000000
2012-05-29,18006400,107510000
2012-05-30,18346400,122830000
2012-05-31,21004000,205140000
2012-06-01,18650400,162940000
2012-06-04,16646400,126440000
2012-06-05,11374800,108970000
2012-06-06,12384000,140110000
2012-06-07,9158000,131150000
2012-06-08,10376800,111810000
2012-06-11,10942800,121060000
2012-06-12,10398800,111360000
2012-06-13,14891200,125780000
2012-06-14,13152800,128640000
2012-06-15,12551600,284290000
2012-06-18,10931600,111280000
2012-06-19,10270400,125180000
2012-06-20,12702800,119110000
2012-06-21,13061200,146750000
2012-06-22,37216000,209990000
2012-06-25,16164000,134090000
2012-06-26,13128800,109270000
2012-06-27,13768400,97950000
2012-06-28,11514800,125870000
2012-06-29,15931200,191630000
2012-07-02,17042400,109640000
2012-07-03,6364400,63850000
2012-07-05,11298000,97800000
2012-07-06,9631200,96760000
2012-07-09,17684000,100150000
2012-07-10,18204000,114760000
2012-07-11,11644000,128420000
2012-07-12,15067600,142760000
2012-07-13,12112800,121080000
2012-07-16,30607600,93500000
2012-07-17,10766800,119620000
2012-07-18,11903600,130070000
2012-07-19,13832400,139480000
2012-07-20,11816800,210770000
2012-07-23,11391200,137760000
2012-07-24,13504000,131530000
2012-07-25,15305200,127320000
2012-07-26,21036000,133620000
2012-07-27,13937600,161510000
2012-07-30,12652800,91730000
2012-07-31,8961600,125980000
2012-08-01,11612000,132780000
2012-08-02,11112400,112770000
2012-08-03,12934400,112390000
2012-08-06,9227600,84270000
2012-08-07,13179200,95240000
2012-08-08,7962800,84910000
2012-08-09,14203600,84350000
2012-08-10,5984800,86640000
2012-08-13,6454000,67550000
2012-08-14,8732400,84430000
2012-08-15,7735600,77130000
2012-08-16,9121200,114580000
2012-08-17,9582400,138550000
2012-08-20,8674400,87590000
2012-08-21,7605200,117060000
2012-08-22,8866000,111220000
2012-08-23,7000000,108800000
2012-08-24,10650800,88030000
2012-08-27,8820400,96070000
2012-08-28,7862800,81630000
2012-08-29,8583600,91530000
2012-08-30,8573600,89980000
2012-08-31,13784000,119780000
2012-09-04,10200800,103920000
2012-09-05,12698800,92550000
2012-09-06,15698400,128650000
2012-09-07,10789200,142210000
2012-09-10,11633600,123810000
2012-09-11,15890400,104920000
2012-09-12,14656000,111520000
2012-09-13,15745200,151770000
2012-09-14,13289600,185160000
2012-09-17,10649200,128020000
2012-09-18,13192400,120720000
2012-09-19,11976800,116210000
2012-09-20,12779600,117910000
2012-09-21,29225600,429610000
2012-09-24,10530000,120370000
2012-09-25,15398400,138630000
2012-09-26,10637200,124350000
2012-09-27,8432800,113990000
2012-09-28,9431600,146950000
2012-10-01,14700800,106120000
2012-10-02,10041600,90730000
2012-10-03,11717600,103890000
2012-10-04,8475600,106390000
2012-10-05,11280800,115500000
2012-10-08,6803600,71300000
2012-10-09,9978000,103630000
2012-10-10,8050400,101120000
2012-10-11,14057600,86630000
2012-10-12,8116000,113740000
2012-10-15,9694400,114880000
2012-10-16,8324400,113450000
2012-10-17,10126000,135570000
2012-10-18,11241600,128410000
2012-10-19,10134400,239080000
2012-10-22,9782800,121880000
2012-10-23,11923200,122220000
2012-10-24,11478000,110670000
2012-10-25,15875600,114590000
2012-10-26,12148800,134640000
2012-10-31,14271200,138160000
2012-11-01,21310000,140510000
2012-11-02,18498000,137660000
2012-11-05,13864000,95350000
2012-11-06,9089200,105710000
2012-11-07,10431600,164250000
2012-11-08,10133200,138350000
2012-11-09,11799600,131670000
2012-11-12,8943600,62360000
2012-11-13,10149200,142200000
2012-11-14,13608000,162180000
2012-11-15,13717600,129150000
2012-11-16,16632400,197110000
2012-11-19,15120400,136910000
2012-11-20,9566400,134160000
2012-11-21,6565200,97300000
2012-11-23,4454400,61110000
2012-11-26,8623600,114360000
2012-11-27,9981600,117900000
2012-11-28,10358400,131000000
2012-11-29,12572800,113620000
2012-11-30,14048000,171070000
2012-12-03,11736800,112900000
2012-12-04,9100800,125290000
2012-12-05,11971200,161230000
2012-12-06,9124000,116850000
2012-12-07,7557200,124130000
2012-12-10,9288800,118530000
2012-12-11,14492800,124510000
2012-12-12,18319600,127510000
2012-12-13,13042800,101190000
2012-12-14,9579200,117620000
2012-12-17,13903200,142980000
2012-12-18,11869600,152920000
2012-12-19,8640400,149020000
2012-12-20,10863200,119800000
2012-12-21,13930400,413270000
2012-12-24,3272000,47710000
2012-12-26,7614400,79410000
2012-12-27,11976800,100160000
2012-12-28,6973600,85980000
2012-12-31,12868000,145740000
2013-01-02,15826400,161430000
2013-01-03,14937200,129630000
2013-01-04,10376000,107590000
2013-01-07,10242400,113120000
2013-01-08,11800400,129570000
2013-01-09,17552800,123070000
2013-01-10,16313600,133520000
2013-01-11,9578000,119200000
2013-01-14,8877600,118460000
2013-01-15,6696000,102280000
2013-01-16,5464400,118540000
2013-01-17,7833600,183900000
2013-01-18,13812400,260900000
2013-01-22,6918000,144300000
2013-01-23,7108800,104490000
2013-01-24,6794000,124780000
2013-01-25,6701600,130300000
2013-01-28,13532000,113570000
2013-01-29,11664000,108230000
2013-01-30,18708000,117200000
2013-01-31,16685600,142600000
2013-02-01,12738400,128420000
2013-02-04,10532000,130420000
2013-02-05,11105200,134390000
2013-02-06,15056800,127560000
2013-02-07,20182800,118530000
2013-02-08,12914000,99860000
2013-02-11,11032400,75090000
2013-02-12,9805600,117180000
2013-02-13,13917600,130520000
2013-02-14,12760000,114800000
2013-02-15,17884400,195670000
2013-02-19,13210000,136410000
2013-02-20,15688800,138540000
2013-02-21,14220800,131410000
2013-02-22,11738000,139850000
2013-02-25,11183200,152190000
2013-02-26,11354000,132580000
2013-02-27,8318000,107010000
2013-02-28,11228000,177150000
2013-03-01,13212000,125920000
2013-03-04,6570000,110810000
2013-03-05,10267600,112100000
2013-03-06,7516000,116510000
2013-03-07,8687200,117080000
2013-03-08,9571600,115630000
2013-03-11,6742000,94880000
2013-03-12,8340800,102100000
2013-03-13,11021600,83920000
2013-03-14,14853600,117390000
2013-03-15,17599600,407770000
2013-03-18,15162800,119640000
2013-03-19,17652400,122170000
2013-03-20,16070400,121240000
2013-03-21,14883200,110450000
2013-03-22,18790400,101450000
2013-03-25,19336800,124840000
2013-03-26,17264800,96030000
2013-03-27,13371200,92680000
2013-03-28,12456400,153710000
2013-04-01,13235200,91400000
2013-04-02,9582000,98420000
2013-04-03,16624800,127140000
2013-04-04,8903600,104790000
2013-04-05,7962400,131250000
2013-04-08,6125600,106680000
2013-04-09,6004400,128580000
2013-04-10,8996400,120520000
2013-04-11,6590000,144570000
2013-04-12,7076800,119570000
2013-04-15,10774000,161680000
2013-04-16,10092000,126320000
2013-04-17,9543600,168010000
2013-04-18,21010800,158050000
2013-04-19,7620400,207200000
2013-04-22,5403600,146890000
2013-04-23,6324000,137320000
2013-04-24,7447200,138020000
2013-04-25,9322800,129600000
2013-04-26,6127200,128910000
2013-04-29,10694400,97060000
2013-04-30,12161600,148250000
2013-05-01,12252400,112620000
2013-05-02,30677200,91180000
2013-05-03,15026400,119890000
2013-05-06,13084000,116160000
2013-05-07,11876400,117230000
2013-05-08,14449200,113510000
2013-05-09,11501200,97810000
2013-05-10,13837600,98980000
2013-05-13,12480000,94280000
2013-05-14,16074800,124590000
2013-05-15,13624400,124030000
2013-05-16,9913600,145090000
2013-05-17,13248800,175750000
2013-05-20,21192000,116420000
2013-05-21,13422800,122970000
2013-05-22,19563200,171850000
2013-05-23,16906000,148810000
2013-05-24,12306400,105660000
2013-05-28,9937200,130680000
2013-05-29,7490400,114020000
2013-05-30,9628000,121150000
2013-05-31,12514400,208830000
2013-06-03,15232400,147980000
2013-06-04,13528400,134280000
2013-06-05,12176800,141400000
2013-06-06,14664800,140410000
2013-06-07,13899200,137380000
2013-06-10,13779200,94250000
2013-06-11,7856400,101610000
2013-06-12,9994800,105770000
2013-06-13,9760400,104490000
2013-06-14,7427200,107430000
2013-06-17,14779200,139250000
2013-06-18,7579200,99210000
2013-06-19,12220800,111380000
2013-06-20,15534000,172630000
2013-06-21,17923200,420080000
2013-06-24,15527600,158670000
2013-06-25,12721600,135940000
2013-06-26,10392800,133230000
2013-06-27,11102400,113650000
2013-06-28,12656400,230000000
2013-07-01,11616000,120570000
2013-07-02,8749200,116610000
2013-07-03,4533200,61000000
2013-07-05,8495600,94560000
2013-07-08,19588000,136820000
2013-07-09,23330400,109270000
2013-07-10,15523200,105050000
2013-07-11,14235200,124950000
2013-07-12,7782800,130140000
2013-07-15,14529200,99430000
2013-07-16,7515200,105970000
2013-07-17,11118000,126240000
2013-07-18,5938400,136270000
2013-07-19,9048400,229260000
2013-07-22,7930400,180920000
2013-07-23,11710800,98700000
2013-07-24,13993600,99320000
2013-07-25,21923200,103260000
2013-07-26,8709200,94880000
2013-07-29,5776400,87240000
2013-07-30,13911200,117550000
2013-07-31,90073600,145120000
2013-08-01,74287200,111040000
2013-08-02,21698400,104840000
2013-08-05,11479600,76850000
2013-08-06,19986800,87730000
2013-08-07,15556400,88430000
2013-08-08,9626800,90990000
2013-08-09,10028400,81180000
2013-08-12,13622400,78060000
2013-08-13,11407200,84790000
2013-08-14,15338800,91030000
2013-08-15,17288400,128340000
2013-08-16,12612400,151620000
2013-08-19,11982000,111660000
2013-08-20,14135200,102340000
2013-08-21,30930800,98340000
2013-08-22,10586400,153490000
2013-08-23,9807200,131860000
2013-08-26,13789200,102820000
2013-08-27,12762400,118610000
2013-08-28,15672000,104620000
2013-08-29,9404800,93170000
2013-08-30,9886400,135850000
2013-09-03,12550400,142530000
2013-09-04,9753200,122150000
2013-09-05,7406800,101010000
2013-09-06,6697200,108410000
2013-09-09,10801600,90660000
2013-09-10,19507200,103200000
2013-09-11,11006000,102090000
2013-09-12,14212000,99760000
2013-09-13,16403600,90890000
2013-09-16,11380800,105740000
2013-09-17,10400800,104480000
2013-09-18,10474800,145410000
2013-09-19,14966400,116280000
2013-09-20,57707200,379650000
2013-09-23,19551600,94920000
2013-09-24,15296400,85430000
2013-09-25,10594800,81890000
2013-09-26,9326400,79050000
2013-09-27,7258400,95660000
2013-09-30,9561600,122330000
2013-10-01,9384800,82460000
2013-10-02,8712400,86090000
2013-10-03,19646000,91300000
2013-10-04,9365600,75100000
2013-10-07,11785200,79620000
2013-10-08,16039600,102690000
2013-10-09,13448000,103190000
2013-10-10,10865600,106540000
2013-10-11,11915200,85730000
2013-10-14,8922400,81420000
2013-10-15,10567600,91440000
2013-10-16,10382800,92850000
2013-10-17,12605200,108490000
2013-10-18,14387200,156660000
2013-10-21,11526000,93660000
2013-10-22,12202800,107030000
2013-10-23,7476400,90630000
2013-10-24,8885600,89240000
2013-10-25,11014400,109900000
2013-10-28,6854400,92760000
2013-10-29,8599600,86600000
2013-10-30,11946400,79170000
2013-10-31,24035200,114050000
2013-11-01,13233600,101830000
2013-11-04,11089200,71200000
2013-11-05,11058000,91890000
2013-11-06,8878800,109200000
2013-11-07,10832400,103860000
2013-11-08,11462400,101200000
2013-11-11,8385200,58860000
2013-11-12,9016400,79260000
2013-11-13,8181600,92450000
2013-11-14,10909600,123860000
2013-11-15,12391600,126460000
2013-11-18,16380800,94860000
2013-11-19,14462800,84570000
2013-11-20,10197200,84350000
2013-11-21,12776400,79000000
2013-11-22,8150800,81000000
2013-11-25,6742000,94040000
2013-11-26,11246000,107450000
2013-11-27,5939600,65730000
2013-11-29,4139200,69190000
2013-12-02,8762000,92590000
2013-12-03,17032800,103910000
2013-12-04,11739200,111180000
2013-12-05,13260000,128080000
2013-12-06,9106800,98260000
2013-12-09,12667200,91810000
2013-12-10,15647200,79420000
2013-12-11,40328000,107170000
2013-12-12,11469200,105870000
2013-12-13,17674400,83180000
2013-12-16,14779600,101470000
2013-12-17,20647200,101490000
2013-12-18,16142000,129620000
2013-12-19,13394800,94980000
2013-12-20,23263600,285190000
2013-12-23,7994800,78930000
2013-12-24,5207600,33640000
2013-12-26,4898800,50160000
2013-12-27,5242000,47230000
2013-12-30,5940000,54220000
2013-12-31,6448400,78760000
2014-01-02,10654000,80960000
2014-01-03,7809600,72770000
2014-01-06,8577600,89380000
2014-01-07,8178000,81270000
2014-01-08,8487200,103260000
2014-01-09,8386400,83990000
2014-01-10,6429600,85190000
2014-01-13,13554400,111680000
2014-01-14,10851600,98610000
2014-01-15,11288000,101130000
2014-01-16,13514000,87370000
2014-01-17,38344400,184970000
2014-01-21,19752400,111570000
2014-01-22,7254400,87470000
2014-01-23,13662400,100540000
2014-01-24,16043200,141450000
2014-01-27,19470800,127540000
2014-01-28,17852400,89110000
2014-01-29,16800000,109590000
2014-01-30,20040400,92100000
2014-01-31,24457200,137090000
2014-02-03,21662400,151050000
2014-02-04,14913600,124110000
2014-02-05,13520800,105130000
2014-02-06,12721600,106980000
2014-02-07,12537200,105780000
2014-02-10,10316800,84110000
2014-02-11,9809600,95930000
2014-02-12,14650800,77310000
2014-02-13,13158800,99470000
2014-02-14,12682000,84060000
2014-02-18,13427200,91250000
2014-02-19,9322000,80560000
2014-02-20,8810000,77720000
2014-02-21,9136000,126580000
2014-02-24,10817200,244580000
2014-02-25,11339600,99470000
2014-02-26,10413600,93980000
2014-02-27,8097600,97640000
2014-02-28,14004000,122110000
2014-03-03,16422800,92760000
2014-03-04,14884800,96120000
2014-03-05,11328400,73980000
2014-03-06,9120400,75900000
2014-03-07,8971200,80690000
2014-03-10,7350400,68210000
2014-03-11,11062800,78150000
2014-03-12,9394800,77900000
2014-03-13,11996400,86160000
2014-03-14,13692000,85660000
2014-03-17,8800000,88930000
2014-03-18,8304800,79140000
2014-03-19,7888800,90110000
2014-03-20,11890000,91530000
2014-03-21,38092400,353670000
2014-03-24,18228400,110620000
2014-03-25,11675200,89110000
2014-03-26,10657200,92770000
2014-03-27,10489600,93650000
2014-03-28,14950000,86370000
2014-03-31,11639200,104510000
2014-04-01,9090400,88010000
2014-04-02,9344800,78120000
2014-04-03,14210400,77220000
2014-04-04,24449200,104350000
2014-04-07,40124000,116540000
2014-04-08,21745600,98510000
2014-04-09,19142800,91550000
2014-04-10,20403600,112550000
2014-04-11,29939600,119550000
2014-04-14,20925600,90020000
2014-04-15,19214000,97850000
2014-04-16,15832800,94650000
2014-04-17,13364000,136190000
2014-04-21,10012400,79500000
2014-04-22,9840000,84830000
2014-04-23,8819600,76830000
2014-04-24,13547200,80340000
2014-04-25,38239200,90630000
2014-04-28,24263200,105510000
2014-04-29,12760000,71240000
2014-04-30,12145600,92970000
2014-05-01,14273200,75630000
2014-05-02,10908800,78910000
2014-05-05,13792800,70320000
2014-05-06,10873200,74340000
2014-05-07,14732000,93870000
2014-05-08,14613600,75620000
2014-05-09,11795600,74980000
2014-05-12,8732800,71550000
2014-05-13,7137600,71340000
2014-05-14,6838000,71970000
2014-05-15,12685200,106610000
2014-05-16,12279600,119330000
2014-05-19,7039600,82180000
2014-05-20,8740000,75150000
2014-05-21,9096400,76730000
2014-05-22,16870000,59250000
2014-05-23,11117600,61340000
2014-05-27,9676800,80870000
2014-05-28,7223200,62480000
2014-05-29,5260400,55500000
2014-05-30,6136400,105190000
2014-06-02,6364000,57560000
2014-06-03,9011600,67830000
2014-06-04,12589600,65570000
2014-06-05,6597600,70460000
2014-06-06,10002400,80530000
2014-06-09,5516400,67130000
2014-06-10,6835600,64560000
2014-06-11,6758000,61860000
2014-06-12,6218000,72560000
2014-06-13,7085200,95220000
2014-06-16,7899200,77900000
2014-06-17,5722400,63530000
2014-06-18,10326000,73720000
2014-06-19,15331200,80220000
2014-06-20,18358800,247350000
2014-06-23,14765200,63640000
2014-06-24,13089600,80220000
2014-06-25,8244800,73920000
2014-06-26,8580400,63650000
2014-06-27,12961200,137690000
2014-06-30,9961600,90360000
2014-07-01,10993600,74050000
2014-07-02,5768800,57840000
2014-07-03,5571600,66800000
2014-07-07,6612400,61480000
2014-07-08,12149200,75250000
2014-07-09,5177200,67120000
2014-07-10,8536800,67510000
2014-07-11,5696800,61000000
2014-07-14,13716400,60570000
2014-07-15,10900800,101730000
2014-07-16,8853200,111500000
2014-07-17,9806000,99240000
2014-07-18,11068000,112530000
2014-07-21,6168400,67590000
2014-07-22,7699200,77960000
2014-07-23,8189200,73440000
2014-07-24,11947600,66390000
2014-07-25,27530400,67290000
2014-07-28,10401600,66190000
2014-07-29,10577200,75980000
2014-07-30,10422800,77750000
2014-07-31,13874000,101670000
2014-08-01,14100000,84860000
2014-08-04,8079600,76260000
2014-08-05,11151200,76630000
2014-08-06,7528400,78600000
2014-08-07,9568000,80430000
2014-08-08,9256800,82420000
2014-08-11,9018400,65560000
2014-08-12,6442000,62770000
2014-08-13,6451200,66020000
2014-08-14,7136800,62370000
2014-08-15,8999600,109180000
2014-08-18,8352400,75670000
2014-08-19,8212400,67220000
2014-08-20,7296800,61960000
2014-08-21,5544000,65160000
2014-08-22,7145600,64330000
2014-08-25,4962400,57400000
2014-08-26,6944000,50710000
2014-08-27,8035600,61690000
2014-08-28,11083600,51860000
2014-08-29,14646000,81500000
2014-09-02,8066400,64820000
2014-09-03,7788400,62770000
2014-09-04,9492400,68120000
2014-09-05,8202800,76630000
2014-09-08,10266400,65640000
2014-09-09,7328800,69030000
2014-09-10,12646800,76780000
2014-09-11,8861200,63650000
2014-09-12,8710800,82820000
2014-09-15,7036800,71740000
2014-09-16,9211600,73200000
2014-09-17,12321200,87810000
2014-09-18,9215200,85300000
2014-09-19,20475200,349620000
2014-09-22,9074000,74300000
2014-09-23,7959600,77090000
2014-09-24,8336000,80530000
2014-09-25,11729600,93520000
2014-09-26,7178800,74670000
2014-09-29,8788800,70220000
2014-09-30,11456000,102290000
2014-10-01,11686000,104240000
2014-10-02,11411600,75490000
2014-10-03,9960800,87940000
2014-10-06,8937200,655450000
2014-10-07,8949600,79420000
2014-10-08,14038800,106930000
2014-10-09,10996800,93210000
2014-10-10,11744400,136370000
2014-10-13,12188800,107830000
2014-10-14,14018000,110410000
2014-10-15,19668000,160380000
2014-10-16,15625600,131670000
2014-10-17,12731600,137910000
2014-10-20,7628000,94320000
2014-10-21,12986000,105110000
2014-10-22,11042000,92050000
2014-10-23,9729600,99420000
2014-10-24,10896000,90400000
2014-10-27,6658800,72580000
2014-10-28,10497600,83870000
2014-10-29,16095200,76450000
2014-10-30,50857600,80180000
2014-10-31,24956000,121610000
2014-11-03,12716000,80030000
2014-11-04,16644400,81390000
2014-11-05,21939600,76030000
2014-11-06,13212000,70670000
2014-11-07,9507600,82860000
2014-11-10,13145200,71430000
2014-11-11,8467600,52880000
2014-11-12,10897200,75980000
2014-11-13,12473200,80540000
2014-11-14,8532800,72850000
2014-11-17,9876800,70330000
2014-11-18,7647200,87420000
2014-11-19,6642800,73780000
2014-11-20,6704000,77740000
2014-11-21,11886800,140940000
2014-11-24,10724800,85510000
2014-11-25,12966400,88190000
2014-11-26,7977200,67450000
2014-11-28,5186800,80470000
2014-12-01,10925600,86390000
2014-12-02,8535200,81970000
2014-12-03,9382000,99400000
2014-12-04,7362400,76270000
2014-12-05,7838000,79110000
2014-12-08,12342000,88680000
2014-12-09,10454000,100400000
2014-12-10,8528000,115100000
2014-12-11,13383600,90100000
2014-12-12,15325600,121950000
2014-12-15,12825200,114050000
2014-12-16,12050400,116640000
2014-12-17,9714400,118220000
2014-12-18,10318000,123940000
2014-12-19,15563600,343690000
2014-12-22,5680000,98460000
2014-12-23,5537600,82890000
2014-12-24,5236800,42870000
2014-12-26,4768800,52570000
2014-12-29,5262400,53870000
2014-12-30,4781600,47490000
2014-12-31,5904800,82840000
2015-01-02,8389600,76270000
2015-01-05,12751200,116160000
2015-01-06,11070000,101870000
2015-01-07,9346800,91030000
2015-01-08,10443200,114890000
2015-01-09,10523600,93390000
2015-01-12,6425600,92500000
2015-01-13,10284000,99360000
2015-01-14,12225200,109180000
2015-01-15,10569200,94520000
2015-01-16,11137200,140480000
2015-01-20,14933200,119600000
2015-01-21,9784000,95530000
2015-01-22,11566000,111980000
2015-01-23,6166800,97110000
2015-01-26,8552400,87220000
2015-01-27,11027600,135940000
2015-01-28,11430800,115980000
2015-01-29,15668400,111690000
2015-01-30,22151600,168560000
2015-02-02,13665200,108090000
2015-02-03,15075600,112860000
2015-02-04,22170800,102560000
2015-02-05,16565600,79890000
2015-02-06,11242000,93610000
2015-02-09,7834400,81590000
2015-02-10,9396800,89930000
2015-02-11,8795600,89890000
2015-02-12,11641600,117160000
2015-02-13,8476000,85230000
2015-02-17,6810400,98760000
2015-02-18,6429200,75090000
2015-02-19,5654800,79130000
2015-02-20,9034800,111390000
2015-02-23,6654800,83670000
2015-02-24,9045200,79310000
2015-02-25,6842800,80480000
2015-02-26,13459600,81500000
2015-02-27,7965200,101110000
2015-03-02,11653600,89790000
2015-03-03,8807200,83830000
2015-03-04,8021200,80900000
2015-03-05,6756000,75840000
2015-03-06,11590800,113350000
2015-03-09,8902000,85820000
2015-03-10,11125600,120450000
2015-03-11,12105200,102120000
2015-03-12,9530800,111550000
2015-03-13,12578800,113620000
2015-03-16,9849600,101760000
2015-03-17,14290800,82560000
2015-03-18,50658000,130950000
2015-03-19,15407500,107820000
2015-03-20,15372000,333870000
2015-03-23,8128000,98030000
2015-03-24,6534800,87190000
2015-03-25,13054300,106560000
2015-03-26,9487200,117740000
2015-03-27,6521100,103220000
2015-03-30,11237100,104040000
2015-03-31,7400500,119470000
2015-04-01,7633000,103360000
2015-04-02,5083000,87370000
2015-04-06,8351200,100850000
2015-04-07,6660800,72150000
2015-04-08,6604200,76820000
2015-04-09,5408500,86740000
2015-04-10,4628500,116410000
2015-04-13,5059800,120090000
2015-04-14,5621800,82830000
2015-04-15,5347100,113610000
2015-04-16,4121300,89520000
2015-04-17,11212900,138860000
2015-04-20,5948900,103160000
2015-04-21,9619700,95180000
2015-04-22,20912400,91260000
2015-04-23,7193400,100240000
2015-04-24,6219900,119130000
2015-04-27,7122400,121110000
2015-04-28,6297500,124930000
2015-04-29,9812400,102080000
2015-04-30,11780600,129180000
2015-05-01,10142800,91700000
2015-05-04,7426400,86010000
2015-05-05,8099800,95340000
2015-05-06,7084600,100430000
2015-05-07,6660300,80920000
2015-05-08,18359000,94960000
2015-05-11,10998500,86050000
2015-05-12,7438200,89270000
2015-05-13,5129800,85180000
2015-05-14,6491100,91580000
2015-05-15,7121000,108220000
2015-05-18,5553800,79080000
2015-05-19,4351000,87200000
2015-05-20,4870100,80190000
2015-05-21,6483800,84270000
2015-05-22,4511700,78890000
2015-05-26,6228100,109440000
2015-05-27,7064800,96400000
2015-05-28,3893900,67510000
2015-05-29,6678100,139810000
2015-06-01,6309400,85640000
2015-06-02,4457400,77550000
2015-06-03,4906400,73120000
2015-06-04,6460000,93470000
2015-06-05,4413100,89140000
2015-06-08,4864300,86300000
2015-06-09,4439700,90550000
2015-06-10,6807800,96980000
2015-06-11,5238700,89490000
2015-06-12,4900700,83760000
2015-06-15,5995100,91920000
2015-06-16,5937400,77510000
2015-06-17,7818300,92410000
2015-06-18,7596800,94460000
2015-06-19,8728800,258300000
2015-06-22,5511700,77780000
2015-06-23,3888700,75970000
2015-06-24,4670600,104980000
2015-06-25,4705100,78990000
2015-06-26,7025600,158120000
2015-06-29,9706700,116340000
2015-06-30,6811000,126460000
2015-07-01,6260800,87010000
2015-07-02,5053000,83080000
2015-07-06,5270600,90130000
2015-07-07,6500700,105840000
2015-07-08,5973500,69830000
2015-07-09,4837800,100520000
2015-07-10,5110200,85800000
2015-07-13,6832300,86380000
2015-07-14,5635400,76740000
2015-07-15,4506200,80460000
2015-07-16,6512500,85030000
2015-07-17,6287600,106510000
2015-07-20,10198500,75060000
2015-07-21,10919600,100170000
2015-07-22,6303200,112370000
2015-07-23,10755700,88600000
2015-07-24,21196100,103470000
2015-07-27,10293800,117860000
2015-07-28,10054300,103450000
2015-07-29,13746900,93140000
2015-07-30,6507000,76650000
2015-07-31,8526300,106120000
2015-08-03,5810800,87880000
2015-08-04,6957900,99060000
2015-08-05,6976400,102450000
2015-08-06,7767800,96170000
2015-08-07,6484600,81800000
2015-08-10,6183500,92430000
2015-08-11,6476000,103010000
2015-08-12,7625100,120400000
2015-08-13,5992000,88550000
2015-08-14,3861500,82120000
2015-08-17,3473500,73380000
2015-08-18,6325500,79900000
2015-08-19,5886900,104720000
2015-08-20,12082300,128530000
2015-08-21,15752200,225170000
2015-08-24,20950600,293920000
2015-08-25,14485000,213220000
2015-08-26,12220000,208420000
2015-08-27,9122200,171980000
2015-08-28,6411400,131790000
2015-08-31,8313300,141440000
2015-09-01,11491500,171390000
2015-09-02,9218000,133480000
2015-09-03,9035200,109730000
2015-09-04,9469400,127270000
2015-09-08,7984900,123870000
2015-09-09,9022200,118790000
2015-09-10,7244200,122690000
2015-09-11,6452100,104630000
2015-09-14,7059300,92660000
2015-09-15,6962600,93050000
2015-09-16,8207600,99620000
2015-09-17,7663300,129600000
2015-09-18,14508100,341690000
2015-09-21,12756500,90730000
2015-09-22,11394000,119010000
2015-09-23,10655800,86030000
2015-09-24,8406700,122220000
2015-09-25,7756600,130790000
2015-09-28,15261200,139930000
2015-09-29,11326700,121160000
2015-09-30,9309200,145740000
2015-10-01,8679900,111420000
2015-10-02,7460400,136870000
2015-10-05,7286800,127660000
2015-10-06,5782500,120010000
2015-10-07,6208900,115690000
2015-10-08,5713100,100730000
2015-10-09,5947800,103730000
2015-10-12,5586300,72500000
2015-10-13,7439400,99400000
2015-10-14,7568300,120110000
2015-10-15,6856200,122960000
2015-10-16,9117400,145880000
2015-10-19,9952600,118430000
2015-10-20,8148800,106670000
2015-10-21,7277900,107100000
2015-10-22,9093400,152420000
2015-10-23,11971300,158090000
2015-10-26,8019400,116660000
2015-10-27,9527400,113960000
2015-10-28,10850200,115630000
2015-10-29,7648600,90300000
2015-10-30,11186500,149250000
2015-11-02,29966000,100840000
2015-11-03,18899900,92290000
2015-11-04,8640800,99890000
2015-11-05,9392600,98910000
2015-11-06,8221600,107450000
2015-11-09,10157300,121210000
2015-11-10,8440300,108640000
2015-11-11,8024400,95230000
2015-11-12,8939800,113660000
2015-11-13,9913200,134640000
2015-11-16,7805000,137590000
2015-11-17,6942600,167190000
2015-11-18,7212400,106810000
2015-11-19,6082200,114630000
2015-11-20,6764300,153140000
2015-11-23,5910600,134680000
2015-11-24,6040800,127170000
2015-11-25,4268700,82540000
2015-11-27,3139500,82540000
2015-11-30,8874600,155560000
2015-12-01,6702100,103880000
2015-12-02,7310000,102860000
2015-12-03,8689600,126990000
2015-12-04,9944600,137650000
2015-12-07,15262400,99670000
2015-12-08,11344000,113720000
2015-12-09,15361500,122020000
2015-12-10,8717100,107310000
2015-12-11,15625800,134510000
2015-12-14,10361000,142540000
2015-12-15,11355300,123430000
2015-12-16,10497500,123790000
2015-12-17,7555300,115780000
2015-12-18,16271200,344560000
2015-12-21,8442100,114910000
2015-12-22,5699100,91570000
2015-12-23,6335900,92820000
2015-12-24,2188800,40350000
2015-12-28,3680900,59770000
2015-12-29,4627100,69860000
2015-12-30,4230400,59760000
2015-12-31,6538300,93690000
2016-01-04,13476800,148060000
2016-01-05,8972700,105750000
2016-01-06,16092000,120250000
2016-01-07,12470800,176240000
2016-01-08,9977600,141850000
2016-01-11,13069500,127790000
2016-01-12,10236900,117480000
2016-01-13,12659600,153530000
2016-01-14,10426200,158830000
2016-01-15,18470500,239210000
2016-01-19,16009600,144360000
2016-01-20,16586000,191870000
2016-01-21,11931200,145140000
2016-01-22,8652600,145850000
2016-01-25,9126200,123250000
2016-01-26,7500200,118210000
2016-01-27,9020500,138350000
2016-01-28,15295600,130120000
2016-01-29,40427800,217940000
2016-02-01,12623500,114450000
2016-02-02,9572700,126210000
2016-02-03,9941900,141870000
2016-02-04,14735700,131490000
2016-02-05,12939400,139010000
2016-02-08,30542600,165880000
2016-02-09,14882800,127740000
2016-02-10,11369500,122290000
2016-02-11,13962100,172070000
2016-02-12,8710200,132550000
2016-02-16,8780700,142030000
2016-02-17,8494100,124080000
2016-02-18,6938100,104950000
2016-02-19,7750900,134340000
2016-02-22,7481500,102240000
2016-02-23,6177000,98170000
2016-02-24,7728600,93620000
2016-02-25,6840900,94120000
2016-02-26,6714100,98480000