Date,WBA,DOW
2011-03-07,6265700,176200000
2011-03-08,4033400,158610000
2011-03-09,5640300,128360000
2011-03-10,5322000,180660000
2011-03-11,5914000,143670000
2011-03-14,4913800,163000000
2011-03-15,6633900,221930000
2011-03-16,7268900,254070000
2011-03-17,5399000,182260000
2011-03-18,10883200,355050000
2011-03-21,11485800,143390000
2011-03-22,33388000,115660000
2011-03-23,8861400,133940000
2011-03-24,6488200,131610000
2011-03-25,6390300,129790000
2011-03-28,5477200,123070000
2011-03-29,4835900,129030000
2011-03-30,3495400,140340000
2011-03-31,4679000,186140000
2011-04-01,6196200,147600000
2011-04-04,3841900,114660000
2011-04-05,8458100,142340000
2011-04-06,3816800,182350000
2011-04-07,4556000,158590000
2011-04-08,4921200,122820000
2011-04-11,4113400,109950000
2011-04-12,4244900,137260000
2011-04-13,4989000,118950000
2011-04-14,6044900,140670000
2011-04-15,6699300,234710000
2011-04-18,4636200,190220000
2011-04-19,5074800,149870000
2011-04-20,5770500,203900000
2011-04-21,4112600,166630000
2011-04-25,3448800,128660000
2011-04-26,4000000,183980000
2011-04-27,6040900,160550000
2011-04-28,5091200,148760000
2011-04-29,4500000,378620000
2011-05-02,5278200,150960000
2011-05-03,6922100,191510000
2011-05-04,7180500,193720000
2011-05-05,6664800,176950000
2011-05-06,5770400,168320000
2011-05-09,6204000,133940000
2011-05-10,5361300,156000000
2011-05-11,8289600,200680000
2011-05-12,7600000,216510000
2011-05-13,5905100,169940000
2011-05-16,7514300,192310000
2011-05-17,6250600,192830000
2011-05-18,5438700,175120000
2011-05-19,3730600,158470000
2011-05-20,4980900,174980000
2011-05-23,5927300,150720000
2011-05-24,4277300,145920000
2011-05-25,4385900,145750000
2011-05-26,5319100,149070000
2011-05-27,3832400,126030000
2011-05-31,5603100,208290000
2011-06-01,6133400,183020000
2011-06-02,5540600,156370000
2011-06-03,7149600,157740000
2011-06-06,5803800,166600000
2011-06-07,6629500,162610000
2011-06-08,5097400,156870000
2011-06-09,5527900,149700000
2011-06-10,4446400,178310000
2011-06-13,4097900,153370000
2011-06-14,5919000,159620000
2011-06-15,5852900,182500000
2011-06-16,6454600,189500000
2011-06-17,7006800,342010000
2011-06-20,6499100,127250000
2011-06-21,25174000,147570000
2011-06-22,13601600,125330000
2011-06-23,9402000,206760000
2011-06-24,12074000,279660000
2011-06-27,6749400,177920000
2011-06-28,7429300,135050000
2011-06-29,6331300,158720000
2011-06-30,6493400,179980000
2011-07-01,4720400,141870000
2011-07-05,4711900,123000000
2011-07-06,7379300,132330000
2011-07-07,6142200,153740000
2011-07-08,4978700,131150000
2011-07-11,4093600,133250000
2011-07-12,6357800,162640000
2011-07-13,7633900,139970000
2011-07-14,6454000,140810000
2011-07-15,6515400,215420000
2011-07-18,3925500,148950000
2011-07-19,5230900,167550000
2011-07-20,4590000,140340000
2011-07-21,37174200,188410000
2011-07-22,8469300,136760000
2011-07-25,5502900,128760000
2011-07-26,5329800,145140000
2011-07-27,6307700,182770000
2011-07-28,7476800,148710000
2011-07-29,6376700,230910000
2011-08-01,6226600,182820000
2011-08-02,6124000,207060000
2011-08-03,9478200,198220000
2011-08-04,9639000,300760000
2011-08-05,12584100,406310000
2011-08-08,12168500,479980000
2011-08-09,15094100,431410000
2011-08-10,11498700,396300000
2011-08-11,20362500,393190000
2011-08-12,7945700,228030000
2011-08-15,10020100,188120000
2011-08-16,10746600,187800000
2011-08-17,11966000,171280000
2011-08-18,13971600,308520000
2011-08-19,8450800,336370000
2011-08-22,6046700,226720000
2011-08-23,11778800,244130000
2011-08-24,11784600,227380000
2011-08-25,7912100,255050000
2011-08-26,7102900,244410000
2011-08-29,4788000,177540000
2011-08-30,4897700,182090000
2011-08-31,6252600,229740000
2011-09-01,7022300,178110000
2011-09-02,6094000,174660000
2011-09-06,7941500,217420000
2011-09-07,8197300,166320000
2011-09-08,9132600,173040000
2011-09-09,7899300,228170000
2011-09-12,7919200,197160000
2011-09-13,5014700,189980000
2011-09-14,8512900,192600000
2011-09-15,5937100,172080000
2011-09-16,8666100,425900000
2011-09-19,7117400,157580000
2011-09-20,5756500,157060000
2011-09-21,5875400,221860000
2011-09-22,6505200,306170000
2011-09-23,5985700,223140000
2011-09-26,9938200,225620000
2011-09-27,22886300,212700000
2011-09-28,13119400,172410000
2011-09-29,8862700,191340000
2011-09-30,11463000,213200000
2011-10-03,10081000,242870000
2011-10-04,9900000,267440000
2011-10-05,7633100,226440000
2011-10-06,6549600,190030000
2011-10-07,6879700,188080000
2011-10-10,5391500,144270000
2011-10-11,5079200,133360000
2011-10-12,9788400,188130000
2011-10-13,8136100,143990000
2011-10-14,7209400,133570000
2011-10-17,8238400,140360000
2011-10-18,7627300,201410000
2011-10-19,7401200,169580000
2011-10-20,5708300,166100000
2011-10-21,5008000,264000000
2011-10-24,4455300,161870000
2011-10-25,4149500,161450000
2011-10-26,12608100,183730000
2011-10-27,10110900,251640000
2011-10-28,9231600,163620000
2011-10-31,7694600,185790000
2011-11-01,7470500,218290000
2011-11-02,5340100,154140000
2011-11-03,7815600,158170000
2011-11-04,5250800,126150000
2011-11-07,6622200,122110000
2011-11-08,8593600,144950000
2011-11-09,12825800,180200000
2011-11-10,9372700,165250000
2011-11-11,7586700,134520000
2011-11-14,7168700,119610000
2011-11-15,7396600,14510000
2011-11-16,9834600,166220000
2011-11-17,10191800,169830000
2011-11-18,6687600,181240000
2011-11-21,11842400,170960000
2011-11-22,9504700,148570000
2011-11-23,17857100,152220000
2011-11-25,6679300,87480000
2011-11-28,9040800,204950000
2011-11-29,8668900,156950000
2011-11-30,11366100,286790000
2011-12-01,7140600,143700000
2011-12-02,13531900,150110000
2011-12-05,9770300,153830000
2011-12-06,7862300,145920000
2011-12-07,8719100,168440000
2011-12-08,10074400,165880000
2011-12-09,4992300,154250000
2011-12-12,7284500,149050000
2011-12-13,6021600,171910000
2011-12-14,6383400,161240000
2011-12-15,6535800,136930000
2011-12-16,11776900,389520000
2011-12-19,12955000,135170000
2011-12-20,14135500,165180000
2011-12-21,21413800,163250000
2011-12-22,8151000,151610000
2011-12-23,8612300,80420000
2011-12-27,12187000,95980000
2011-12-28,5596500,84010000
2011-12-29,4809100,8410000
2011-12-30,4870000,96670000
2012-01-03,7248100,152560000
2012-01-04,8165300,145130000
2012-01-05,9351200,158440000
2012-01-06,8825400,131120000
2012-01-09,7636500,122200000
2012-01-10,10254900,141230000
2012-01-11,6538700,130260000
2012-01-12,7955200,128230000
2012-01-13,6907200,161470000
2012-01-17,6342000,148670000
2012-01-18,5444800,154170000
2012-01-19,7254100,148030000
2012-01-20,9156300,255110000
2012-01-23,6109900,149860000
2012-01-24,8817700,125420000
2012-01-25,10498400,135430000
2012-01-26,10643800,130840000
2012-01-27,5403900,164410000
2012-01-30,7464000,130430000
2012-01-31,13599200,168070000
2012-02-01,12924500,143500000
2012-02-02,10113400,114360000
2012-02-03,13180600,142840000
2012-02-06,19906700,108040000
2012-02-07,13065100,116150000
2012-02-08,9285900,138250000
2012-02-09,13510300,157080000
2012-02-10,11761400,123620000
2012-02-13,10034500,112240000
2012-02-14,14050800,120050000
2012-02-15,12413600,127560000
2012-02-16,7687900,134450000
2012-02-17,7587800,234650000
2012-02-21,5767100,164780000
2012-02-22,7052600,124200000
2012-02-23,7226800,120480000
2012-02-24,5974000,89440000
2012-02-27,7854200,143530000
2012-02-28,7162700,114490000
2012-02-29,10686200,182460000
2012-03-01,13422600,139670000
2012-03-02,8622000,93900000
2012-03-05,8983500,108630000
2012-03-06,7678500,142330000
2012-03-07,6934700,175110000
2012-03-08,6044800,103530000
2012-03-09,9759300,103240000
2012-03-12,6590100,100000000
2012-03-13,7700500,163130000
2012-03-14,6521700,163610000
2012-03-15,6133800,161650000
2012-03-16,15455700,392620000
2012-03-19,6269000,147120000
2012-03-20,5135500,131660000
2012-03-21,6108500,124860000
2012-03-22,5656000,122060000
2012-03-23,6630600,129930000
2012-03-26,9993300,122080000
2012-03-27,12943400,129280000
2012-03-28,13627200,141540000
2012-03-29,9331100,136250000
2012-03-30,11758400,171190000
2012-04-02,12633200,108790000
2012-04-03,9350800,123980000
2012-04-04,8872600,125000000
2012-04-05,10495000,109530000
2012-04-09,6560500,105580000
2012-04-10,7277300,159290000
2012-04-11,10572800,125210000
2012-04-12,7012800,119780000
2012-04-13,6996600,140990000
2012-04-16,5515600,120990000
2012-04-17,19573100,115320000
2012-04-18,16564300,113520000
2012-04-19,9288700,139810000
2012-04-20,9579000,212080000
2012-04-23,5834900,139370000
2012-04-24,6397000,134110000
2012-04-25,6750400,135260000
2012-04-26,4764200,107570000
2012-04-27,4944600,110850000
2012-04-30,9116300,127870000
2012-05-01,9126400,123400000
2012-05-02,10721900,100770000
2012-05-03,7561000,102090000
2012-05-04,5086900,113790000
2012-05-07,6302000,110080000
2012-05-08,9139400,138620000
2012-05-09,6982200,147460000
2012-05-10,5307200,151650000
2012-05-11,7557700,148370000
2012-05-14,5845600,143190000
2012-05-15,4991900,156060000
2012-05-16,7097300,143130000
2012-05-17,7747100,147430000
2012-05-18,8852100,240720000
2012-05-21,6983100,142110000
2012-05-22,5909400,133650000
2012-05-23,5300000,152190000
2012-05-24,5119100,126810000
2012-05-25,3155300,93000000
2012-05-29,4359600,107510000
2012-05-30,6341100,122830000
2012-05-31,7496200,205140000
2012-06-01,8062200,162940000
2012-06-04,8056900,126440000
2012-06-05,6901800,108970000
2012-06-06,5502800,140110000
2012-06-07,7686600,131150000
2012-06-08,4659600,111810000
2012-06-11,5523800,121060000
2012-06-12,5049500,111360000
2012-06-13,4361500,125780000
2012-06-14,5850400,128640000
2012-06-15,6236900,284290000
2012-06-18,6011500,111280000
2012-06-19,42165200,125180000
2012-06-20,32955500,119110000
2012-06-21,19444900,146750000
2012-06-22,27778600,209990000
2012-06-25,12221500,134090000
2012-06-26,7439000,109270000
2012-06-27,6661200,97950000
2012-06-28,11591300,125870000
2012-06-29,10035400,191630000
2012-07-02,8855400,109640000
2012-07-03,3943400,63850000
2012-07-05,9739500,97800000
2012-07-06,7801000,96760000
2012-07-09,5782700,100150000
2012-07-10,8705000,114760000
2012-07-11,9287800,128420000
2012-07-12,9469200,142760000
2012-07-13,6761000,121080000
2012-07-16,5127600,93500000
2012-07-17,6600100,119620000
2012-07-18,8395100,130070000
2012-07-19,56225400,139480000
2012-07-20,16941600,210770000
2012-07-23,12241100,137760000
2012-07-24,16297900,131530000
2012-07-25,14505700,127320000
2012-07-26,10021700,133620000
2012-07-27,11304900,161510000
2012-07-30,9134100,91730000
2012-07-31,9111300,125980000
2012-08-01,12178800,132780000
2012-08-02,9577200,112770000
2012-08-03,12213000,112390000
2012-08-06,6545200,84270000
2012-08-07,8321400,95240000
2012-08-08,5981700,84910000
2012-08-09,4419500,84350000
2012-08-10,3870500,86640000
2012-08-13,3767000,67550000
2012-08-14,5162500,84430000
2012-08-15,5413700,77130000
2012-08-16,6380400,114580000
2012-08-17,6665900,138550000
2012-08-20,3867900,87590000
2012-08-21,5779800,117060000
2012-08-22,5737600,111220000
2012-08-23,4405200,108800000
2012-08-24,3475400,88030000
2012-08-27,3579400,96070000
2012-08-28,5678900,81630000
2012-08-29,5002200,91530000
2012-08-30,5162700,89980000
2012-08-31,6063400,119780000
2012-09-04,5027500,103920000
2012-09-05,9373800,92550000
2012-09-06,13748000,128650000
2012-09-07,9273100,142210000
2012-09-10,4373200,123810000
2012-09-11,4000500,104920000
2012-09-12,3969600,111520000
2012-09-13,5766600,151770000
2012-09-14,7629800,185160000
2012-09-17,6599700,128020000
2012-09-18,5818200,120720000
2012-09-19,7142800,116210000
2012-09-20,6450900,117910000
2012-09-21,8011500,429610000
2012-09-24,7073200,120370000
2012-09-25,9394000,138630000
2012-09-26,5966600,124350000
2012-09-27,8400900,113990000
2012-09-28,11185400,146950000
2012-10-01,8782500,106120000
2012-10-02,5779800,90730000
2012-10-03,10526900,103890000
2012-10-04,6591300,106390000
2012-10-05,7460100,115500000
2012-10-08,5111400,71300000
2012-10-09,4273100,103630000
2012-10-10,5886400,101120000
2012-10-11,7444100,86630000
2012-10-12,6295100,113740000
2012-10-15,4810500,114880000
2012-10-16,4463800,113450000
2012-10-17,8356200,135570000
2012-10-18,7150300,128410000
2012-10-19,7261000,239080000
2012-10-22,7747200,121880000
2012-10-23,5668800,122220000
2012-10-24,5668400,110670000
2012-10-25,3974000,114590000
2012-10-26,4444200,134640000
2012-10-31,5029900,138160000
2012-11-01,5336300,140510000
2012-11-02,8843500,137660000
2012-11-05,10376500,95350000
2012-11-06,11931000,105710000
2012-11-07,8344400,164250000
2012-11-08,5738900,138350000
2012-11-09,5495200,131670000
2012-11-12,4174700,62360000
2012-11-13,5025300,142200000
2012-11-14,7007700,162180000
2012-11-15,6172100,129150000
2012-11-16,5185100,197110000
2012-11-19,5770600,136910000
2012-11-20,3682600,134160000
2012-11-21,4256800,97300000
2012-11-23,1903300,61110000
2012-11-26,4600900,114360000
2012-11-27,4598600,117900000
2012-11-28,5630400,131000000
2012-11-29,4867800,113620000
2012-11-30,6887100,171070000
2012-12-03,6427900,112900000
2012-12-04,7172000,125290000
2012-12-05,11230700,161230000
2012-12-06,6952000,116850000
2012-12-07,6025000,124130000
2012-12-10,6188800,118530000
2012-12-11,8017400,124510000
2012-12-12,7890900,127510000
2012-12-13,8184000,101190000
2012-12-14,5821200,117620000
2012-12-17,7247700,142980000
2012-12-18,8082900,152920000
2012-12-19,9257800,149020000
2012-12-20,7907500,119800000
2012-12-21,15309600,413270000
2012-12-24,2382700,47710000
2012-12-26,6414200,79410000
2012-12-27,5608500,100160000
2012-12-28,5863400,85980000
2012-12-31,6439300,145740000
2013-01-02,10064100,161430000
2013-01-03,7142300,129630000
2013-01-04,8324800,107590000
2013-01-07,10896500,113120000
2013-01-08,6952300,129570000
2013-01-09,8713700,123070000
2013-01-10,6560000,133520000
2013-01-11,8500900,119200000
2013-01-14,4124600,118460000
2013-01-15,4709800,102280000
2013-01-16,7317900,118540000
2013-01-17,5046800,183900000
2013-01-18,5470700,260900000
2013-01-22,5079900,144300000
2013-01-23,4604200,104490000
2013-01-24,4506700,124780000
2013-01-25,5345700,130300000
2013-01-28,7509900,113570000
2013-01-29,7371200,108230000
2013-01-30,9488300,117200000
2013-01-31,7298900,142600000
2013-02-01,5422800,128420000
2013-02-04,5144700,130420000
2013-02-05,7892400,134390000
2013-02-06,8105000,127560000
2013-02-07,6356900,118530000
2013-02-08,4127600,99860000
2013-02-11,6863300,75090000
2013-02-12,4799300,117180000
2013-02-13,6288700,130520000
2013-02-14,9037400,114800000
2013-02-15,7522500,195670000
2013-02-19,6687000,136410000
2013-02-20,4641100,138540000
2013-02-21,4549400,131410000
2013-02-22,4309700,139850000
2013-02-25,5131500,152190000
2013-02-26,4612200,132580000
2013-02-27,3297700,107010000
2013-02-28,6910600,177150000
2013-03-01,5195300,125920000
2013-03-04,4534500,110810000
2013-03-05,12870100,112100000
2013-03-06,7797400,116510000
2013-03-07,5752400,117080000
2013-03-08,5582300,115630000
2013-03-11,4687000,94880000
2013-03-12,4970000,102100000
2013-03-13,11756100,83920000
2013-03-14,5349200,117390000
2013-03-15,5242100,407770000
2013-03-18,2767600,119640000
2013-03-19,23809500,122170000
2013-03-20,15550100,121240000
2013-03-21,6611400,110450000
2013-03-22,5354500,101450000
2013-03-25,8230700,124840000
2013-03-26,8846300,96030000
2013-03-27,4403800,92680000
2013-03-28,6147700,153710000
2013-04-01,5012900,91400000
2013-04-02,6173400,98420000
2013-04-03,7343100,127140000
2013-04-04,4624700,104790000
2013-04-05,4776200,131250000
2013-04-08,3848200,106680000
2013-04-09,6128000,128580000
2013-04-10,5196500,120520000
2013-04-11,5733100,144570000
2013-04-12,4794100,119570000
2013-04-15,6876800,161680000
2013-04-16,5629600,126320000
2013-04-17,4827000,168010000
2013-04-18,3805700,158050000
2013-04-19,6957300,207200000
2013-04-22,6536700,146890000
2013-04-23,6499300,137320000
2013-04-24,5628300,138020000
2013-04-25,3782000,129600000
2013-04-26,3417800,128910000
2013-04-29,3316300,97060000
2013-04-30,5550100,148250000
2013-05-01,5658900,112620000
2013-05-02,5025600,91180000
2013-05-03,8958900,119890000
2013-05-06,5244400,116160000
2013-05-07,6547900,117230000
2013-05-08,4760800,113510000
2013-05-09,7531100,97810000
2013-05-10,6411700,98980000
2013-05-13,3958500,94280000
2013-05-14,5417700,124590000
2013-05-15,6172000,124030000
2013-05-16,5085100,145090000
2013-05-17,4083200,175750000
2013-05-20,4463300,116420000
2013-05-21,5083900,122970000
2013-05-22,7913700,171850000
2013-05-23,5214200,148810000
2013-05-24,5658500,105660000
2013-05-28,4210400,130680000
2013-05-29,4902100,114020000
2013-05-30,4565700,121150000
2013-05-31,5823700,208830000
2013-06-03,6661600,147980000
2013-06-04,6093400,134280000
2013-06-05,6227400,141400000
2013-06-06,7411900,140410000
2013-06-07,4596100,137380000
2013-06-10,3646200,94250000
2013-06-11,3871100,101610000
2013-06-12,3328400,105770000
2013-06-13,2972900,104490000
2013-06-14,3597900,107430000
2013-06-17,3441200,139250000
2013-06-18,3605400,99210000
2013-06-19,3763000,111380000
2013-06-20,5533300,172630000
2013-06-21,5844100,420080000
2013-06-24,6374400,158670000
2013-06-25,22560000,135940000
2013-06-26,12176700,133230000
2013-06-27,7470400,113650000
2013-06-28,15231500,230000000
2013-07-01,6262400,120570000
2013-07-02,7193000,116610000
2013-07-03,4391800,61000000
2013-07-05,4493200,94560000
2013-07-08,6831100,136820000
2013-07-09,10629000,109270000
2013-07-10,16537200,105050000
2013-07-11,11281400,124950000
2013-07-12,6444600,130140000
2013-07-15,4004000,99430000
2013-07-16,3910000,105970000
2013-07-17,5092900,126240000
2013-07-18,12376400,136270000
2013-07-19,5607300,229260000
2013-07-22,5396100,180920000
2013-07-23,3793700,98700000
2013-07-24,2970000,99320000
2013-07-25,4509000,103260000
2013-07-26,4028800,94880000
2013-07-29,3314800,87240000
2013-07-30,5119800,117550000
2013-07-31,5339600,145120000
2013-08-01,5999500,111040000
2013-08-02,3452000,104840000
2013-08-05,2633900,76850000
2013-08-06,5232100,87730000
2013-08-07,4787000,88430000
2013-08-08,3255000,90990000
2013-08-09,3045300,81180000
2013-08-12,2902600,78060000
2013-08-13,2501400,84790000
2013-08-14,2789100,91030000
2013-08-15,3273500,128340000
2013-08-16,3429400,151620000
2013-08-19,2549300,111660000
2013-08-20,2151800,102340000
2013-08-21,4499600,98340000
2013-08-22,2015000,153490000
2013-08-23,2139100,131860000
2013-08-26,2648700,102820000
2013-08-27,4421600,118610000
2013-08-28,5022100,104620000
2013-08-29,2606100,93170000
2013-08-30,4323800,135850000
2013-09-03,4240500,142530000
2013-09-04,4099600,122150000
2013-09-05,4737900,101010000
2013-09-06,5222900,108410000
2013-09-09,3491500,90660000
2013-09-10,3737400,103200000
2013-09-11,3484100,102090000
2013-09-12,13776300,99760000
2013-09-13,6979000,90890000
2013-09-16,7025400,105740000
2013-09-17,4323200,104480000
2013-09-18,4924100,145410000
2013-09-19,5785900,116280000
2013-09-20,5983400,379650000
2013-09-23,9451000,94920000
2013-09-24,10603000,85430000
2013-09-25,9682100,81890000
2013-09-26,5517000,79050000
2013-09-27,5607900,95660000
2013-09-30,9628800,122330000
2013-10-01,13706300,82460000
2013-10-02,9473400,86090000
2013-10-03,7540500,91300000
2013-10-04,6139500,75100000
2013-10-07,4047900,79620000
2013-10-08,9204500,102690000
2013-10-09,4814200,103190000
2013-10-10,4775300,106540000
2013-10-11,5334800,85730000
2013-10-14,3029600,81420000
2013-10-15,3767000,91440000
2013-10-16,4627400,92850000
2013-10-17,7337300,108490000
2013-10-18,7385200,156660000
2013-10-21,4632100,93660000
2013-10-22,4855500,107030000
2013-10-23,5165700,90630000
2013-10-24,3493500,89240000
2013-10-25,4226200,109900000
2013-10-28,6836800,92760000
2013-10-29,5061600,86600000
2013-10-30,5293500,79170000
2013-10-31,4718000,114050000
2013-11-01,5353700,101830000
2013-11-04,4725900,71200000
2013-11-05,4166700,91890000
2013-11-06,3893800,109200000
2013-11-07,4448300,103860000
2013-11-08,5069400,101200000
2013-11-11,2507700,58860000
2013-11-12,4053900,79260000
2013-11-13,4566600,92450000
2013-11-14,4031800,123860000
2013-11-15,5695800,126460000
2013-11-18,3948500,94860000
2013-11-19,6592400,84570000
2013-11-20,5908100,84350000
2013-11-21,4837300,79000000
2013-11-22,3738700,81000000
2013-11-25,3693500,94040000
2013-11-26,4657400,107450000
2013-11-27,3971500,65730000
2013-11-29,3112800,69190000
2013-12-02,4774700,92590000
2013-12-03,5314600,103910000
2013-12-04,7922500,111180000
2013-12-05,9734700,128080000
2013-12-06,5285700,98260000
2013-12-09,3884800,91810000
2013-12-10,6250900,79420000
2013-12-11,7121300,107170000
2013-12-12,7672000,105870000
2013-12-13,4230000,83180000
2013-12-16,5445800,101470000
2013-12-17,6521800,101490000
2013-12-18,5900200,129620000
2013-12-19,6123700,94980000
2013-12-20,15021700,285190000
2013-12-23,6898300,78930000
2013-12-24,1967800,33640000
2013-12-26,2487300,50160000
2013-12-27,4282200,47230000
2013-12-30,2874300,54220000
2013-12-31,2949200,78760000
2014-01-02,5370600,80960000
2014-01-03,4261500,72770000
2014-01-06,5842700,89380000
2014-01-07,5804100,81270000
2014-01-08,10369000,103260000
2014-01-09,15062300,83990000
2014-01-10,7371800,85190000
2014-01-13,5422000,111680000
2014-01-14,5759600,98610000
2014-01-15,6321700,101130000
2014-01-16,6523100,87370000
2014-01-17,6007000,184970000
2014-01-21,4611400,111570000
2014-01-22,7444700,87470000
2014-01-23,3679200,100540000
2014-01-24,6541600,141450000
2014-01-27,5535800,127540000
2014-01-28,3785300,89110000
2014-01-29,5968200,109590000
2014-01-30,4123300,92100000
2014-01-31,6977100,137090000
2014-02-03,10031100,151050000
2014-02-04,6697700,124110000
2014-02-05,8101600,105130000
2014-02-06,6594600,106980000
2014-02-07,9119700,105780000
2014-02-10,5031200,84110000
2014-02-11,16109200,95930000
2014-02-12,24541500,77310000
2014-02-13,11099700,99470000
2014-02-14,8241700,84060000
2014-02-18,7719400,91250000
2014-02-19,5787200,80560000
2014-02-20,6331300,77720000
2014-02-21,3869000,126580000
2014-02-24,4783800,244580000
2014-02-25,7113000,99470000
2014-02-26,5148300,93980000
2014-02-27,6981200,97640000
2014-02-28,5563500,122110000
2014-03-03,7405800,92760000
2014-03-04,7250700,96120000
2014-03-05,4498600,73980000
2014-03-06,6448800,75900000
2014-03-07,5941500,80690000
2014-03-10,4176900,68210000
2014-03-11,3309000,78150000
2014-03-12,8243000,77900000
2014-03-13,4709800,86160000
2014-03-14,4319800,85660000
2014-03-17,2991100,88930000
2014-03-18,4698000,79140000
2014-03-19,6265100,90110000
2014-03-20,3666400,91530000
2014-03-21,11835200,353670000
2014-03-24,8469200,110620000
2014-03-25,12812200,89110000
2014-03-26,10602600,92770000
2014-03-27,6109400,93650000
2014-03-28,5210400,86370000
2014-03-31,4845200,104510000
2014-04-01,4662400,88010000
2014-04-02,3936100,78120000
2014-04-03,5291400,77220000
2014-04-04,5943200,104350000
2014-04-07,7521500,116540000
2014-04-08,7923600,98510000
2014-04-09,9828900,91550000
2014-04-10,9934100,112550000
2014-04-11,8313900,119550000
2014-04-14,9753100,90020000
2014-04-15,8273500,97850000
2014-04-16,5529300,94650000
2014-04-17,6221200,136190000
2014-04-21,4814400,79500000
2014-04-22,7201400,84830000
2014-04-23,5740900,76830000
2014-04-24,3454700,80340000
2014-04-25,5378000,90630000
2014-04-28,5342700,105510000
2014-04-29,4017200,71240000
2014-04-30,5886500,92970000
2014-05-01,7852200,75630000
2014-05-02,4238400,78910000
2014-05-05,4172200,70320000
2014-05-06,3863700,74340000
2014-05-07,4197900,93870000
2014-05-08,7113400,75620000
2014-05-09,5083200,74980000
2014-05-12,4067900,71550000
2014-05-13,2993400,71340000
2014-05-14,3316300,71970000
2014-05-15,5399500,106610000
2014-05-16,4726500,119330000
2014-05-19,8322600,82180000
2014-05-20,3526000,75150000
2014-05-21,2177500,76730000
2014-05-22,9353200,59250000
2014-05-23,4880200,61340000
2014-05-27,3800500,80870000
2014-05-28,2888500,62480000
2014-05-29,4405300,55500000
2014-05-30,4645800,105190000
2014-06-02,4270200,57560000
2014-06-03,3647300,67830000
2014-06-04,12767700,65570000
2014-06-05,8565400,70460000
2014-06-06,4972600,80530000
2014-06-09,3697100,67130000
2014-06-10,2609800,64560000
2014-06-11,2687400,61860000
2014-06-12,7302400,72560000
2014-06-13,4172300,95220000
2014-06-16,4831300,77900000
2014-06-17,2956300,63530000
2014-06-18,8847900,73720000
2014-06-19,6472800,80220000
2014-06-20,6545500,247350000
2014-06-23,7992000,63640000
2014-06-24,14048300,80220000
2014-06-25,8676900,73920000
2014-06-26,4102900,63650000
2014-06-27,4082500,137690000
2014-06-30,4022000,90360000
2014-07-01,4191900,74050000
2014-07-02,5240300,57840000
2014-07-03,4730100,66800000
2014-07-07,3233200,61480000
2014-07-08,8850500,75250000
2014-07-09,5097800,67120000
2014-07-10,3910600,67510000
2014-07-11,2690000,61000000
2014-07-14,4172800,60570000
2014-07-15,5703700,101730000
2014-07-16,11340300,111500000
2014-07-17,5152900,99240000
2014-07-18,6967200,112530000
2014-07-21,3613200,67590000
2014-07-22,6258700,77960000
2014-07-23,7215000,73440000
2014-07-24,6606500,66390000
2014-07-25,3367700,67290000
2014-07-28,5145800,66190000
2014-07-29,4900000,75980000
2014-07-30,4831100,77750000
2014-07-31,9358900,101670000
2014-08-01,8120600,84860000
2014-08-04,8935900,76260000
2014-08-05,31355500,76630000
2014-08-06,84130100,78600000
2014-08-07,33620800,80430000
2014-08-08,26909900,82420000
2014-08-11,10249300,65560000
2014-08-12,12393200,62770000
2014-08-13,6933500,66020000
2014-08-14,6360500,62370000
2014-08-15,8870800,109180000
2014-08-18,7346500,75670000
2014-08-19,6918100,67220000
2014-08-20,6664100,61960000
2014-08-21,7879100,65160000
2014-08-22,6176100,64330000
2014-08-25,5238300,57400000
2014-08-26,4128600,50710000
2014-08-27,3908000,61690000
2014-08-28,3548100,51860000
2014-08-29,3189200,81500000
2014-09-02,5430800,64820000
2014-09-03,5032700,62770000
2014-09-04,16255500,68120000
2014-09-05,20600400,76630000
2014-09-08,8897600,65640000
2014-09-09,7663400,69030000
2014-09-10,5923300,76780000
2014-09-11,3143100,63650000
2014-09-12,4728400,82820000
2014-09-15,3711200,71740000
2014-09-16,4268800,73200000
2014-09-17,4767700,87810000
2014-09-18,5643000,85300000
2014-09-19,5705200,349620000
2014-09-22,11087200,74300000
2014-09-23,9194700,77090000
2014-09-24,7328100,80530000
2014-09-25,5290600,93520000
2014-09-26,7464300,74670000
2014-09-29,8862600,70220000
2014-09-30,11411100,102290000
2014-10-01,6018600,104240000
2014-10-02,5308000,75490000
2014-10-03,8758600,87940000
2014-10-06,4794200,655450000
2014-10-07,4381100,79420000
2014-10-08,4981300,106930000
2014-10-09,7798200,93210000
2014-10-10,10002500,136370000
2014-10-13,6623700,107830000
2014-10-14,8488500,110410000
2014-10-15,8037900,160380000
2014-10-16,6558000,131670000
2014-10-17,8115000,137910000
2014-10-20,7017600,94320000
2014-10-21,7455800,105110000
2014-10-22,5314200,92050000
2014-10-23,3964800,99420000
2014-10-24,4331800,90400000
2014-10-27,3628100,72580000
2014-10-28,3395600,83870000
2014-10-29,3318800,76450000
2014-10-30,5036900,80180000
2014-10-31,5531000,121610000
2014-11-03,4865400,80030000
2014-11-04,4208300,81390000
2014-11-05,4810500,76030000
2014-11-06,5114800,70670000
2014-11-07,4773800,82860000
2014-11-10,5954200,71430000
2014-11-11,3851500,52880000
2014-11-12,3743800,75980000
2014-11-13,4206500,80540000
2014-11-14,3135300,72850000
2014-11-17,4678900,70330000
2014-11-18,5489000,87420000
2014-11-19,3534000,73780000
2014-11-20,3215700,77740000
2014-11-21,3998900,140940000
2014-11-24,3823900,85510000
2014-11-25,4634300,88190000
2014-11-26,2981400,67450000
2014-11-28,2670000,80470000
2014-12-01,3806900,86390000
2014-12-02,5975600,81970000
2014-12-03,3421500,99400000
2014-12-04,3994200,76270000
2014-12-05,3242300,79110000
2014-12-08,4039200,88680000
2014-12-09,5000800,100400000
2014-12-10,5992700,115100000
2014-12-11,15149700,90100000
2014-12-12,13504600,121950000
2014-12-15,11808200,114050000
2014-12-16,8597100,116640000
2014-12-17,7127800,118220000
2014-12-18,5921900,123940000
2014-12-19,9320800,343690000
2014-12-22,5466800,98460000
2014-12-23,10249400,82890000
2014-12-24,3661800,42870000
2014-12-26,2365800,52570000
2014-12-29,3430200,53870000
2014-12-30,2800700,47490000
2014-12-31,3083700,82840000
2015-01-02,3938500,76270000
2015-01-05,4767900,116160000
2015-01-06,4881600,101870000
2015-01-07,5672100,91030000
2015-01-08,4083900,114890000
2015-01-09,3704100,93390000
2015-01-12,2910700,92500000
2015-01-13,5173200,99360000
2015-01-14,3263200,109180000
2015-01-15,3574500,94520000
2015-01-16,4881900,140480000
2015-01-20,2744500,119600000
2015-01-21,2549400,95530000
2015-01-22,3560200,111980000
2015-01-23,3265500,97110000
2015-01-26,2650400,87220000
2015-01-27,2795700,135940000
2015-01-28,4027700,115980000
2015-01-29,3930900,111690000
2015-01-30,6716400,168560000
2015-02-02,4247400,108090000
2015-02-03,2896200,112860000
2015-02-04,3381700,102560000
2015-02-05,4072500,79890000
2015-02-06,4493300,93610000
2015-02-09,3154300,81590000
2015-02-10,4233400,89930000
2015-02-11,7647900,89890000
2015-02-12,5921900,117160000
2015-02-13,3293800,85230000
2015-02-17,3100400,98760000
2015-02-18,3153200,75090000
2015-02-19,2459400,79130000
2015-02-20,3391100,111390000
2015-02-23,6041300,83670000
2015-02-24,6366200,79310000
2015-02-25,3085000,80480000
2015-02-26,6623600,81500000
2015-02-27,8902500,101110000
2015-03-02,6659700,89790000
2015-03-03,5729900,83830000
2015-03-04,3890500,80900000
2015-03-05,3223600,75840000
2015-03-06,4714800,113350000
2015-03-09,3257500,85820000
2015-03-10,5490200,120450000
2015-03-11,3291800,102120000
2015-03-12,4964300,111550000
2015-03-13,3643600,113620000
2015-03-16,9500400,101760000
2015-03-17,5437900,82560000
2015-03-18,6295500,130950000
2015-03-19,5781800,107820000
2015-03-20,33856200,333870000
2015-03-23,8720100,98030000
2015-03-24,3648200,87190000
2015-03-25,4646400,106560000
2015-03-26,5391400,117740000
2015-03-27,3649500,103220000
2015-03-30,4232200,104040000
2015-03-31,3562700,119470000
2015-04-01,4926200,103360000
2015-04-02,2955200,87370000
2015-04-06,6058200,100850000
2015-04-07,3906000,72150000
2015-04-08,5501400,76820000
2015-04-09,11357100,86740000
2015-04-10,5978600,116410000
2015-04-13,4520500,120090000
2015-04-14,2791600,82830000
2015-04-15,5754500,113610000
2015-04-16,7907100,89520000
2015-04-17,15435500,138860000
2015-04-20,9361100,103160000
2015-04-21,5183800,95180000
2015-04-22,3485200,91260000
2015-04-23,2942200,100240000
2015-04-24,4104100,119130000
2015-04-27,4110200,121110000
2015-04-28,2366500,124930000
2015-04-29,3224500,102080000
2015-04-30,4750200,129180000
2015-05-01,2282200,91700000
2015-05-04,2410100,86010000
2015-05-05,3074000,95340000
2015-05-06,2418100,100430000
2015-05-07,4405500,80920000
2015-05-08,2258200,94960000
2015-05-11,2609200,86050000
2015-05-12,2452800,89270000
2015-05-13,2048400,85180000
2015-05-14,2430600,91580000
2015-05-15,3569700,108220000
2015-05-18,2455700,79080000
2015-05-19,2297400,87200000
2015-05-20,2131400,80190000
2015-05-21,3447400,84270000
2015-05-22,2297800,78890000
2015-05-26,3758100,109440000
2015-05-27,2166200,96400000
2015-05-28,1647500,67510000
2015-05-29,2980500,139810000
2015-06-01,1965900,85640000
2015-06-02,2777000,77550000
2015-06-03,3596100,73120000
2015-06-04,3976200,93470000
2015-06-05,2910200,89140000
2015-06-08,2580200,86300000
2015-06-09,2998500,90550000
2015-06-10,3197800,96980000
2015-06-11,3018900,89490000
2015-06-12,3024200,83760000
2015-06-15,2631400,91920000
2015-06-16,2605800,77510000
2015-06-17,2881800,92410000
2015-06-18,3484300,94460000
2015-06-19,6381900,258300000
2015-06-22,2879200,77780000
2015-06-23,2515600,75970000
2015-06-24,2427600,104980000
2015-06-25,2640500,78990000
2015-06-26,14432200,158120000
2015-06-29,2797000,116340000
2015-06-30,3778800,126460000
2015-07-01,2834900,87010000
2015-07-02,2811700,83080000
2015-07-06,3238300,90130000
2015-07-07,4780600,105840000
2015-07-08,4139400,69830000
2015-07-09,10379400,100520000
2015-07-10,7640500,85800000
2015-07-13,5749700,86380000
2015-07-14,2969000,76740000
2015-07-15,3213700,80460000
2015-07-16,6651000,85030000
2015-07-17,2465200,106510000
2015-07-20,2338300,75060000
2015-07-21,2135500,100170000
2015-07-22,3641900,112370000
2015-07-23,2064700,88600000
2015-07-24,2300900,103470000
2015-07-27,2589300,117860000
2015-07-28,3470800,103450000
2015-07-29,3829100,93140000
2015-07-30,2348700,76650000
2015-07-31,2892800,106120000
2015-08-03,2269300,87880000
2015-08-04,2978200,99060000
2015-08-05,2515900,102450000
2015-08-06,3439500,96170000
2015-08-07,4221700,81800000
2015-08-10,2420900,92430000
2015-08-11,2998000,103010000
2015-08-12,3563900,120400000
2015-08-13,3479800,88550000
2015-08-14,2829900,82120000
2015-08-17,1876700,73380000
2015-08-18,3410300,79900000
2015-08-19,3145600,104720000
2015-08-20,3406100,128530000
2015-08-21,8084000,225170000
2015-08-24,10616200,293920000
2015-08-25,10711300,213220000
2015-08-26,7096400,208420000
2015-08-27,5569900,171980000
2015-08-28,3940300,131790000
2015-08-31,3530700,141440000
2015-09-01,7100900,171390000
2015-09-02,5053200,133480000
2015-09-03,4024200,109730000
2015-09-04,5468900,127270000
2015-09-08,3969000,123870000
2015-09-09,3722700,118790000
2015-09-10,3991600,122690000
2015-09-11,3286200,104630000
2015-09-14,3022900,92660000
2015-09-15,2711400,93050000
2015-09-16,2540100,99620000
2015-09-17,3663600,129600000
2015-09-18,10782000,341690000
2015-09-21,3945700,90730000
2015-09-22,3878700,119010000
2015-09-23,2398800,86030000
2015-09-24,4286500,122220000
2015-09-25,5285900,130790000
2015-09-28,4845500,139930000
2015-09-29,4483000,121160000
2015-09-30,3888300,145740000
2015-10-01,4312700,111420000
2015-10-02,4629800,136870000
2015-10-05,5143500,127660000
2015-10-06,5513900,120010000
2015-10-07,3504500,115690000
2015-10-08,3313900,100730000
2015-10-09,3568400,103730000
2015-10-12,2100200,72500000
2015-10-13,2868300,99400000
2015-10-14,3548900,120110000
2015-10-15,3450900,122960000
2015-10-16,3714300,145880000
2015-10-19,3714000,118430000
2015-10-20,2705400,106670000
2015-10-21,3508600,107100000
2015-10-22,4298200,152420000
2015-10-23,4706600,158090000
2015-10-26,4139400,116660000
2015-10-27,13905200,113960000
2015-10-28,24357500,115630000
2015-10-29,9903300,90300000
2015-10-30,8099600,149250000
2015-11-02,6950300,100840000
2015-11-03,7044100,92290000
2015-11-04,5484800,99890000
2015-11-05,3550400,98910000
2015-11-06,6129100,107450000
2015-11-09,4450700,121210000
2015-11-10,4302600,108640000
2015-11-11,6027700,95230000
2015-11-12,5764500,113660000
2015-11-13,5702300,134640000
2015-11-16,5944800,137590000
2015-11-17,4723400,167190000
2015-11-18,4606400,106810000
2015-11-19,4456000,114630000
2015-11-20,5851100,153140000
2015-11-23,4275900,134680000
2015-11-24,5154600,127170000
2015-11-25,2085300,82540000
2015-11-27,2346600,82540000
2015-11-30,3861800,155560000
2015-12-01,2978800,103880000
2015-12-02,2771700,102860000
2015-12-03,4316000,126990000
2015-12-04,4702700,137650000
2015-12-07,5867000,99670000
2015-12-08,5106100,113720000
2015-12-09,4238400,122020000
2015-12-10,2692700,107310000
2015-12-11,4209100,134510000
2015-12-14,3980300,142540000
2015-12-15,4488900,123430000
2015-12-16,4816400,123790000
2015-12-17,3797600,115780000
2015-12-18,8529900,344560000
2015-12-21,4895800,114910000
2015-12-22,4992600,91570000
2015-12-23,3559100,92820000
2015-12-24,1367000,40350000
2015-12-28,2133400,59770000
2015-12-29,3569700,69860000
2015-12-30,2184400,59760000
2015-12-31,2528700,93690000
2016-01-04,6347600,148060000
2016-01-05,7603100,105750000
2016-01-06,11659200,120250000
2016-01-07,11362000,176240000
2016-01-08,9767900,141850000
2016-01-11,5354800,127790000
2016-01-12,4143800,117480000
2016-01-13,5080500,153530000
2016-01-14,5895200,158830000
2016-01-15,7606700,239210000
2016-01-19,6292100,144360000
2016-01-20,5386600,191870000
2016-01-21,4449300,145140000
2016-01-22,3449200,145850000
2016-01-25,3405800,123250000
2016-01-26,3559400,118210000
2016-01-27,3474000,138350000
2016-01-28,4435700,130120000
2016-01-29,4906800,217940000
2016-02-01,4964100,114450000
2016-02-02,4313200,126210000
2016-02-03,4465400,141870000
2016-02-04,5420900,131490000
2016-02-05,6224200,139010000
2016-02-08,8962600,165880000
2016-02-09,7227400,127740000
2016-02-10,4141100,122290000
2016-02-11,5069300,172070000
2016-02-12,4213500,132550000
2016-02-16,4815000,142030000
2016-02-17,4256200,124080000
2016-02-18,4059900,104950000
2016-02-19,4079200,134340000
2016-02-22,3348900,102240000
2016-02-23,3835700,98170000
2016-02-24,3593900,93620000
2016-02-25,3355800,94120000
2016-02-26,4507300,98480000
2016-02-29,3231300,126220000
2016-03-01,4244200,105050000
2016-03-02,4137700,104470000
2016-03-03,2542500,91110000
2016-03-04,2119000,106910000
2016-03-07,3586700,100290000
2016-03-08,3978400,108380000
2016-03-09,5018400,116690000
2016-03-10,3582100,117570000
2016-03-11,2545600,123420000
2016-03-14,1874200,96350000
2016-03-15,1974800,92830000
2016-03-16,3235900,118710000
2016-03-17,3833600,117990000
2016-03-18,9460300,321230000
2016-03-21,2602100,84410000
2016-03-22,2787400,95450000
2016-03-23,2114100,84240000
2016-03-24,1947000,84100000
2016-03-28,1738000,70460000
2016-03-29,2819800,86160000
2016-03-30,2811100,79330000
2016-03-31,3820400,102600000
2016-04-01,6502500,104890000
2016-04-04,5114600,85230000
2016-04-05,9433900,115230000
2016-04-06,8017000,99410000
2016-04-07,5653200,90120000
2016-04-08,4172100,79990000
2016-04-11,3099900,107100000
2016-04-12,3624000,81020000
2016-04-13,5257300,91710000
2016-04-14,4038900,84510000
2016-04-15,3245300,118160000
2016-04-18,4129200,89390000
2016-04-19,5384900,89820000
2016-04-20,3067100,100210000
2016-04-21,3222000,102720000
2016-04-22,3764000,134120000
2016-04-25,2961700,83770000
2016-04-26,3400900,92570000
2016-04-27,3584200,109090000
2016-04-28,2876600,100920000
2016-04-29,5421200,136670000
2016-05-02,3250300,80100000
2016-05-03,5294000,97060000
2016-05-04,3480700,95020000
2016-05-05,2531000,81530000
2016-05-06,11411600,80020000
2016-05-09,6226900,85590000
2016-05-10,3197500,75790000
2016-05-11,5918000,87390000
2016-05-12,3066900,88560000
2016-05-13,4062800,86640000
2016-05-16,5209200,88440000
2016-05-17,7683300,103260000
2016-05-18,5878300,79120000
2016-05-19,3015000,95530000
2016-05-20,6201600,111990000
2016-05-23,3624700,87790000
2016-05-24,4688700,86480000
2016-05-25,4013500,79180000
2016-05-26,3719600,68940000
2016-05-27,3003100,73190000
2016-05-31,5007500,147390000
2016-06-01,3916700,78530000
2016-06-02,4018600,75560000
2016-06-03,2488400,82270000
2016-06-06,2621000,71870000
2016-06-07,2931800,78750000
2016-06-08,2778400,71260000
2016-06-09,2411600,69690000
2016-06-10,10952700,90540000
2016-06-13,8593100,101690000
2016-06-14,6807000,93740000
2016-06-15,5276400,94130000
2016-06-16,3658800,91950000
2016-06-17,5993300,248680000
2016-06-20,5121400,99380000
2016-06-21,3462500,85130000
2016-06-22,4711500,89440000
2016-06-23,4708200,98070000
2016-06-24,10136200,239000000
2016-06-27,6714500,138740000
2016-06-28,4876700,112190000
2016-06-29,7039000,106380000
2016-06-30,5813200,133030000
2016-07-01,4858300,82160000
2016-07-05,7629300,103650000
2016-07-06,10537400,93000000
2016-07-07,5560000,81570000
2016-07-08,5973500,93460000
2016-07-11,3607700,80880000
2016-07-12,5223000,90170000
2016-07-13,4565400,80920000
2016-07-14,7001400,87050000
2016-07-15,6818700,123690000
2016-07-18,3805100,75540000
2016-07-19,4914300,85840000
2016-07-20,4919200,93230000
2016-07-21,2828500,86800000
2016-07-22,3159800,87710000
2016-07-25,3352800,76810000
2016-07-26,3130000,85370000
2016-07-27,9054500,111370000
2016-07-28,3906300,85750000
2016-07-29,3730300,111550000
2016-08-01,4581500,83470000
2016-08-02,3905500,89680000
2016-08-03,3818300,78550000
2016-08-04,3179300,64500000
2016-08-05,3768900,92420000
2016-08-08,3865500,71810000
2016-08-09,3465200,60090000
2016-08-10,8216400,62780000
2016-08-11,6038400,71470000
2016-08-12,3574200,61580000
2016-08-15,3611100,62350000
2016-08-16,3374600,67570000
2016-08-17,3844200,71000000
2016-08-18,2886300,70740000
2016-08-19,2757200,93170000
2016-08-22,2639900,73450000
2016-08-23,1883700,73990000
2016-08-24,3993300,72270000
2016-08-25,4233500,64480000
2016-08-26,6064800,78730000
2016-08-29,3467800,64480000
2016-08-30,2782900,68920000
2016-08-31,3282700,98250000
2016-09-01,3296100,74780000
2016-09-02,3029600,74350000
2016-09-06,3726000,83710000
2016-09-07,3315900,67570000
2016-09-08,9886000,79060000
2016-09-09,6937600,120670000
2016-09-12,4982800,103260000
2016-09-13,3600400,102830000
2016-09-14,4862300,103360000
2016-09-15,5510000,99550000
2016-09-16,8924900,278510000
2016-09-19,3753100,78090000
2016-09-20,2510000,72450000
2016-09-21,4603500,94090000
2016-09-22,6983100,73030000
2016-09-23,2715800,87170000
2016-09-26,2916400,95510000
2016-09-27,2898700,84130000
2016-09-28,3109500,97650000
2016-09-29,3656900,95880000
2016-09-30,4490200,135470000
2016-10-03,2306200,68520000
2016-10-04,3111600,79710000
2016-10-05,2498200,76190000
2016-10-06,3661700,78660000
2016-10-07,2851500,82680000
2016-10-10,2765000,72110000
2016-10-11,5524000,88610000
2016-10-12,3474400,72230000
2016-10-13,3458700,83160000
2016-10-14,2657300,87050000
2016-10-17,3803500,75960000
2016-10-18,3097100,74600000
2016-10-19,5890700,88040000
2016-10-20,11159300,88830000
2016-10-21,4762900,117810000
2016-10-24,4751500,88540000
2016-10-25,3318500,83190000
2016-10-26,3068300,86340000
2016-10-27,2779800,83530000
2016-10-28,7971200,107850000
2016-10-31,4662100,110080000
2016-11-01,5130800,101280000
2016-11-02,9783100,88610000
2016-11-03,4586500,77860000
2016-11-04,7023900,97760000
2016-11-07,4453600,93450000
2016-11-08,12055400,79820000
2016-11-09,7290500,173110000
2016-11-10,5293300,164390000
2016-11-11,3802600,107300000
2016-11-14,4500900,112250000
2016-11-15,6651600,100660000
2016-11-16,3833600,87320000
2016-11-17,3808700,89940000
2016-11-18,5013300,109880000
2016-11-21,3110700,80520000
2016-11-22,3500300,85310000
2016-11-23,2788000,77880000
2016-11-25,1586900,45890000
2016-11-28,3956800,88460000
2016-11-29,3686500,81510000
2016-11-30,5951900,164570000
2016-12-01,4463500,108800000
2016-12-02,3928600,84920000
2016-12-05,2800200,317800000
2016-12-06,2911400,284960000
2016-12-07,4858400,385200000
2016-12-08,3142800,324570000
2016-12-09,3408100,334470000
2016-12-12,2206600,333660000
2016-12-13,3547000,388420000
2016-12-14,5117300,408430000
2016-12-15,3461600,357350000
2016-12-16,7155100,573470000
2016-12-19,3048300,302310000
2016-12-20,4141700,284080000
2016-12-21,2166700,256640000
2016-12-22,3983100,258290000
2016-12-23,2181000,158260000
2016-12-27,2765600,158540000
2016-12-28,4003200,188350000
2016-12-29,3697300,172040000
2016-12-30,3343200,271910000
2017-01-03,4942700,339180000
2017-01-04,4125500,280010000
2017-01-05,7401400,269920000
2017-01-06,3949700,277700000
2017-01-09,3293000,287510000
2017-01-10,3037900,299410000
2017-01-11,6573500,336150000
2017-01-12,3242300,306290000
2017-01-13,2934400,263780000
2017-01-17,3332100,341900000
2017-01-18,2938600,279760000
2017-01-19,2615700,301750000
2017-01-20,11067900,435260000
2017-01-23,3704300,326690000
2017-01-24,4245800,374460000
2017-01-25,5111500,372240000
2017-01-26,2535300,356730000
2017-01-27,4612900,343130000
2017-01-30,5047100,317280000
2017-01-31,3424400,373750000
2017-02-01,5080000,426670000
2017-02-02,3667400,347220000
2017-02-03,3167700,344220000
2017-02-06,3418400,281720000
2017-02-07,4174800,279670000
2017-02-08,2515300,280410000
2017-02-09,2950000,325310000
2017-02-10,4401100,312230000
2017-02-13,3299800,314620000
2017-02-14,5095900,356580000
2017-02-15,2736100,384380000
2017-02-16,6373700,354120000
2017-02-17,4106600,340620000
2017-02-21,3430700,336880000
2017-02-22,3047000,310530000
2017-02-23,3437200,302110000
2017-02-24,2890900,292540000
2017-02-27,2032100,256540000
2017-02-28,3879900,339210000
2017-03-01,3390500,392820000
2017-03-02,3096800,319910000
2017-03-03,3157600,254420000
2017-03-06,2437500,266620000
2017-03-07,2408000,274630000
2017-03-08,2898400,296780000
2017-03-09,2521000,275960000
2017-03-10,2601000,315430000
2017-03-13,2417500,289260000
2017-03-14,3257300,246820000
2017-03-15,3921000,306590000
2017-03-16,3356100,264360000
2017-03-17,7253900,535280000
2017-03-20,3579600,253610000
2017-03-21,5073000,369320000
2017-03-22,4488300,325090000
2017-03-23,2500400,280050000
2017-03-24,2110100,292980000
2017-03-27,2410000,269380000
2017-03-28,3053000,299670000
2017-03-29,2016600,238320000
2017-03-30,2437500,270900000
2017-03-31,3133200,303770000
2017-04-03,3283600,285670000
2017-04-04,3273400,237390000
2017-04-05,12117400,284980000
2017-04-06,4696700,251720000
2017-04-07,5576100,219730000
2017-04-10,4073400,230480000
2017-04-11,3464900,255120000
2017-04-12,2984300,267670000
2017-04-13,2780800,235810000
2017-04-17,1931600,229240000
2017-04-18,2894300,263180000
2017-04-19,5163500,294790000
2017-04-20,4219700,312440000
2017-04-21,3698800,369600000
2017-04-24,5037600,342400000
2017-04-25,7008700,348180000
2017-04-26,3477900,328550000
2017-04-27,2855800,305690000
2017-04-28,3615600,329990000
2017-05-01,3380000,288160000
2017-05-02,4013900,338810000
2017-05-03,3288400,310920000
2017-05-04,3561500,274720000
2017-05-05,4187100,260960000
2017-05-08,2945700,276150000
2017-05-09,2719600,273000000
2017-05-10,2580700,283340000
2017-05-11,4076100,287680000
2017-05-12,3302500,288500000
2017-05-15,4142000,313170000
2017-05-16,2572000,311580000
2017-05-17,7746400,423200000
2017-05-18,4378500,422590000
2017-05-19,5279600,365180000
2017-05-22,5724300,276120000
2017-05-23,3050000,244950000
2017-05-24,3572700,283180000
2017-05-25,4154200,268970000
2017-05-26,2735100,208000000
2017-05-30,4078200,242810000
2017-05-31,4355600,371580000
2017-06-01,3692500,276730000
2017-06-02,3940900,329700000
2017-06-05,2824000,269790000
2017-06-06,6663800,283550000
2017-06-07,6175200,273400000
2017-06-08,3089000,330330000
2017-06-09,4140400,397200000
2017-06-12,4626000,528080000
2017-06-13,3029400,323510000
2017-06-14,4370000,295090000
2017-06-15,5411700,317200000
2017-06-16,14953900,603260000
2017-06-19,7935200,289400000
2017-06-20,4993700,310200000
2017-06-21,4831900,292500000
2017-06-22,8004200,270680000
2017-06-23,9741200,368400000
2017-06-26,6588700,241880000
2017-06-27,6581100,292170000
2017-06-28,6632000,271510000
2017-06-29,14921400,336750000
2017-06-30,7097300,313260000
2017-07-03,2419200,186810000
2017-07-05,6481000,273690000
2017-07-06,6011600,320450000
2017-07-07,6001900,242240000
2017-07-10,4756600,270340000
2017-07-11,4875100,247570000
2017-07-12,4266600,267870000
2017-07-13,5415700,232270000
2017-07-14,7932500,235590000
2017-07-17,4739400,244780000
2017-07-18,4367500,251110000
2017-07-19,4077400,253040000
2017-07-20,6628100,313950000
2017-07-21,4855300,362830000
2017-07-24,4428000,284080000
2017-07-25,5364900,304300000
2017-07-26,8336200,278240000
2017-07-27,6556400,407320000
2017-07-28,5250500,285630000
2017-07-31,4853500,307610000
2017-08-01,4892600,328410000
2017-08-02,4216400,336820000
2017-08-03,4666500,278730000
2017-08-04,3777300,253640000
2017-08-07,3263800,213010000
2017-08-08,4036300,262000000
2017-08-09,5261300,277800000
2017-08-10,4719800,303310000
2017-08-11,3991500,237790000
2017-08-14,4080200,235030000
2017-08-15,4320600,269070000
2017-08-16,3528900,264920000
2017-08-17,3488400,311030000
2017-08-18,5238600,309070000
2017-08-21,5181000,277880000
2017-08-22,3206800,244980000
2017-08-23,3812300,234810000
2017-08-24,8015500,228480000
2017-08-25,5216800,217570000
2017-08-28,3859600,218740000
2017-08-29,3304000,227340000
2017-08-30,3509300,242840000
2017-08-31,5025000,376790000
2017-09-01,5335500,256240000
2017-09-05,5412200,332840000
2017-09-06,5428200,318760000
2017-09-07,5467400,333810000
2017-09-08,4523200,289400000
2017-09-11,4419600,312770000
2017-09-12,7782100,364580000
2017-09-13,5776100,291890000
2017-09-14,4343800,297780000
2017-09-15,22167500,527540000
2017-09-18,6117200,302740000
2017-09-19,7442800,295570000
2017-09-20,9417200,334560000
2017-09-21,6390100,287390000
2017-09-22,5001300,297140000
2017-09-25,5709900,332430000
2017-09-26,4292400,285990000
2017-09-27,7021100,342900000
2017-09-28,6995300,263010000
2017-09-29,5323100,274790000
2017-10-02,5513900,268530000
2017-10-03,4934300,238830000
2017-10-04,4652600,235730000
2017-10-05,4622700,246400000
2017-10-06,11629900,221450000
2017-10-09,12528200,310770000
2017-10-10,12127700,319270000
2017-10-11,7579200,316000000
2017-10-12,6119300,291790000
2017-10-13,8761700,259560000
2017-10-16,6415700,247180000
2017-10-17,5926300,273090000
2017-10-18,5096700,271870000
2017-10-19,4979700,350400000
2017-10-20,8822100,474380000
2017-10-23,6707500,456830000
2017-10-24,8078100,406850000
2017-10-25,16803600,399560000
2017-10-26,19132200,370600000
2017-10-27,21902900,518870000
2017-10-30,12605500,436900000
2017-10-31,12224700,388050000
2017-11-01,9702600,361260000
2017-11-02,8042600,348040000
2017-11-03,14066400,312250000
2017-11-06,5949600,325190000
2017-11-07,9462000,285080000
2017-11-08,7808300,264670000
2017-11-09,7907900,305440000
2017-11-10,12381000,351280000
2017-11-13,12459100,491260000
2017-11-14,5269000,561330000
2017-11-15,4418300,404300000
2017-11-16,4195000,402020000
2017-11-17,6226200,386000000
2017-11-20,6843000,315330000
2017-11-21,8050800,329650000
2017-11-22,4391900,268760000
2017-11-24,1683000,118610000
2017-11-27,5340100,296320000
2017-11-28,7593100,319240000
2017-11-29,6239200,401410000
2017-11-30,11377100,488200000
2017-12-01,8730200,417910000
2017-12-04,10287200,424250000
2017-12-05,5892900,371190000
2017-12-06,5993500,312720000
2017-12-07,8181700,319060000
2017-12-08,6906600,293590000
2017-12-11,6421300,300580000
2017-12-12,4421500,342220000
2017-12-13,6178600,325280000
2017-12-14,7193900,314780000
2017-12-15,11777000,635740000
2017-12-18,6662900,354880000
2017-12-19,5021300,335330000
2017-12-20,6590200,341790000
2017-12-21,5815500,339530000
2017-12-22,3853300,255140000
2017-12-26,1978500,208290000
2017-12-27,3253200,225890000
2017-12-28,2129200,200960000
2017-12-29,3110800,270760000
2018-01-02,6605000,341130000
2018-01-03,7147300,456790000
2018-01-04,12456000,403280000
2018-01-05,9067200,358020000
2018-01-08,5312500,341390000
2018-01-09,4146700,333490000
2018-01-10,4562600,341470000
2018-01-11,6304500,346830000
2018-01-12,6457800,376390000
2018-01-16,4751300,606520000
2018-01-17,4587100,522720000
2018-01-18,5597600,492780000
2018-01-19,6849300,585000000
2018-01-22,3619600,431200000
2018-01-23,3754700,433490000
2018-01-24,4028300,518790000
2018-01-25,4118300,401390000
2018-01-26,3884600,477780000
2018-01-29,6249800,421000000
2018-01-30,11214300,448330000
2018-01-31,6742400,479130000
2018-02-01,5198400,410620000
2018-02-02,7024800,522880000
2018-02-05,7085900,714450000
2018-02-06,6809100,823940000
2018-02-07,4328800,504620000
2018-02-08,6975100,657500000
2018-02-09,7292500,735030000
2018-02-12,3998000,496610000
2018-02-13,6791600,374410000
2018-02-14,5556500,431160000
2018-02-15,4558900,416780000
2018-02-16,4623600,406730000
2018-02-20,5581100,421510000
2018-02-21,4658800,456070000
2018-02-22,4799000,378900000
2018-02-23,3116400,335420000
2018-02-26,3223400,473360000
2018-02-27,6302400,438390000
2018-02-28,8173100,451870000
2018-03-01,7299800,506280000
2018-03-02,4682100,437130000
2018-03-05,7464700,383910000
2018-03-06,4498300,331770000
2018-03-07,4161400,394070000
2018-03-08,4665000,327300000
2018-03-09,4003700,371570000
2018-03-12,4764500,362580000
2018-03-13,4515500,447880000
2018-03-14,5795700,356830000
2018-03-15,4764600,316310000
2018-03-16,10308200,654240000
2018-03-19,4500500,377990000
2018-03-20,4230100,342510000
2018-03-21,4466900,343230000
2018-03-22,4570700,439280000
2018-03-23,6273500,482550000
2018-03-26,5367300,479540000
2018-03-27,7981000,524480000
2018-03-28,10125400,530040000
2018-03-29,8242500,463550000
2018-04-02,7805300,509820000
2018-04-03,10657200,394130000
2018-04-04,8451500,388540000
2018-04-05,6018500,347790000
2018-04-06,5110900,395990000
2018-04-09,3984300,380790000
2018-04-10,4735700,368590000
2018-04-11,5842500,286360000
2018-04-12,4292800,336130000
2018-04-13,3390900,331890000
2018-04-16,9646000,305070000
2018-04-17,7946300,342410000
2018-04-18,3058200,302030000
2018-04-19,3205300,381110000
2018-04-20,5919500,537770000
2018-04-23,4430600,351030000
2018-04-24,4423600,468180000
2018-04-25,4315400,437100000
2018-04-26,4891200,390360000
2018-04-27,4572300,392810000
2018-04-30,4399100,416650000
2018-05-01,5056700,380070000
2018-05-02,5411300,385350000
2018-05-03,6938900,389240000
2018-05-04,5523700,329480000
2018-05-07,5334600,307670000
2018-05-08,5406900,344940000
2018-05-09,3739200,361580000
2018-05-10,4288300,304210000
2018-05-11,6189100,274150000
2018-05-14,4792000,282860000
2018-05-15,4984100,301900000
2018-05-16,4159500,280810000
2018-05-17,3983000,314650000
2018-05-18,3388200,269700000
2018-05-21,3168100,308920000
2018-05-22,4307500,288200000
2018-05-23,4964600,399610000
2018-05-24,3573000,347050000
2018-05-25,3412100,257210000
2018-05-29,4749800,395810000
2018-05-30,3272100,324870000
2018-05-31,6508700,429740000
2018-06-01,3225500,315710000
2018-06-04,3564200,340400000
2018-06-05,6999100,306340000
2018-06-06,5455600,316090000
2018-06-07,5614600,357680000
2018-06-08,3857600,317510000
2018-06-11,3394700,276740000
2018-06-12,5173300,265750000
2018-06-13,5571800,329700000
2018-06-14,5645600,341170000
2018-06-15,10733600,659370000
2018-06-18,4928800,337070000
2018-06-19,5534300,376380000
2018-06-20,13923900,359520000
2018-06-21,8303600,349570000
2018-06-22,10441300,473970000
2018-06-25,17147800,439130000
2018-06-26,8472900,301130000
2018-06-27,6327500,313790000
2018-06-28,40465700,305020000
2018-06-29,15725400,329070000
2018-07-02,11309700,244110000
2018-07-03,5602300,160960000
2018-07-05,12473000,237670000
2018-07-06,9741000,219450000
2018-07-09,7513000,240580000
2018-07-10,9250500,235040000
2018-07-11,9978800,237370000
2018-07-12,11650200,233150000
2018-07-13,7759800,255520000
2018-07-16,8619200,231270000
2018-07-17,8412700,250450000
2018-07-18,9201100,252870000
2018-07-19,9823400,285760000
2018-07-20,7553700,274080000
2018-07-23,6965900,228820000
2018-07-24,7542600,274940000
2018-07-25,7861900,273670000
2018-07-26,7506300,297530000
2018-07-27,6871900,329680000
2018-07-30,7866400,296880000
2018-07-31,7261900,348700000
2018-08-01,6514800,315880000
2018-08-02,5815900,307700000
2018-08-03,4307300,239020000
2018-08-06,5108900,238990000
2018-08-07,7143700,239910000
2018-08-08,7267900,217770000
2018-08-09,5795000,214970000
2018-08-10,4991200,234480000
2018-08-13,5171400,219990000
2018-08-14,6390800,219210000
2018-08-15,5944300,295810000
2018-08-16,9325700,342430000
2018-08-17,5884400,284160000
2018-08-20,4620200,248570000
2018-08-21,3683400,241620000
2018-08-22,3746600,200480000
2018-08-23,4548900,213270000
2018-08-24,5435000,200330000
2018-08-27,5326400,220510000
2018-08-28,4241200,211470000
2018-08-29,4407700,214960000
2018-08-30,4903200,240440000
2018-08-31,4421500,273440000
2018-09-04,5006800,254600000
2018-09-05,6131100,289210000
2018-09-06,5027400,262380000
2018-09-07,4350400,281350000
2018-09-10,3738000,252170000
2018-09-11,4087700,265960000
2018-09-12,6242400,282770000
2018-09-13,4375200,260800000
2018-09-14,3069700,228640000
2018-09-17,3891300,230230000
2018-09-18,4670800,243000000
2018-09-19,4552400,251330000
2018-09-20,5279600,260480000
2018-09-21,8826500,657620000
2018-09-24,3556700,254850000
2018-09-25,3111200,234110000
2018-09-26,5742900,262620000
2018-09-27,4111400,226350000
2018-09-28,4871200,264030000
2018-10-01,5408600,238320000
2018-10-02,3842900,258290000
2018-10-03,6075400,280130000
2018-10-04,3832800,289600000
2018-10-05,5663500,267100000
2018-10-08,6482000,273020000
2018-10-09,5194800,282560000
2018-10-10,8011200,438200000
2018-10-11,15407000,522880000
2018-10-12,9722500,397510000
2018-10-15,8308500,287320000
2018-10-16,7738900,305800000
2018-10-17,6256600,298210000
2018-10-18,5879800,328020000
2018-10-19,5934900,350810000
2018-10-22,5715500,314940000
2018-10-23,5094100,436430000
2018-10-24,9171400,496400000
2018-10-25,6434400,439670000
2018-10-26,12078400,505310000
2018-10-29,6398200,443850000
2018-10-30,6944100,470050000
2018-10-31,12973900,448930000
2018-11-01,6368700,383970000
2018-11-02,7197900,429480000
2018-11-05,6061200,334740000
2018-11-06,6265500,265450000
2018-11-07,6142200,361780000
2018-11-08,5344700,295650000
2018-11-09,3601900,324450000
2018-11-12,3544900,346910000
2018-11-13,4375300,339690000
2018-11-14,5366100,384240000
2018-11-15,4336100,392750000
2018-11-16,3603800,354460000
2018-11-19,6064500,358090000
2018-11-20,8267100,445920000
2018-11-21,6396900,289370000
2018-11-23,2716300,155940000
2018-11-26,5565200,306280000
2018-11-27,6047400,308250000
2018-11-28,6784200,362160000
2018-11-29,6090300,305110000
2018-11-30,8323400,482250000
2018-12-03,6223900,388480000
2018-12-04,8359400,418900000
2018-12-06,8093400,471690000
2018-12-07,6153000,398230000
2018-12-10,5626000,389690000
2018-12-11,5467500,342960000
2018-12-12,4844700,344330000
2018-12-13,4771100,299970000
2018-12-14,9282500,416940000
2018-12-17,12321500,466740000
2018-12-18,9124400,408070000
2018-12-19,11063800,503550000
2018-12-20,12686500,576700000
2018-12-21,22563900,900510000
2018-12-24,5608200,308420000
2018-12-26,6584700,433080000
2018-12-27,6873300,407940000
2018-12-28,5181800,336510000
2018-12-31,4870900,288830000
2019-01-02,5528100,321570000
2019-01-03,5853200,424240000
2019-01-04,6868600,396020000
2019-01-07,6192500,334200000
2019-01-08,6548100,317420000
2019-01-09,6318000,324570000
2019-01-10,5130500,338150000
2019-01-11,5684700,262650000
2019-01-14,5997700,277560000
2019-01-15,4260000,291570000
2019-01-16,3785200,302830000
2019-01-17,3625500,288590000
2019-01-18,5539900,372970000
2019-01-22,5578200,338480000
2019-01-23,4187700,318600000
2019-01-24,4153200,320170000
2019-01-25,5221800,376890000
2019-01-28,4088300,347170000
2019-01-29,3367100,330870000
2019-01-30,4122100,397330000
2019-01-31,8390800,507350000
2019-02-01,4642500,372090000
2019-02-04,5444300,298540000
2019-02-05,7128600,310650000
2019-02-06,4336400,247590000
2019-02-07,4631200,295460000
2019-02-08,4139400,248210000
2019-02-11,3482300,241700000
2019-02-12,3980000,278110000
2019-02-13,3856900,263330000
2019-02-14,3855100,313010000
2019-02-15,4670400,328530000
2019-02-19,6374600,280620000
2019-02-20,7882400,287880000
2019-02-21,4482200,255710000
2019-02-22,4928700,279760000
2019-02-25,4308200,281600000
2019-02-26,3498700,257850000
2019-02-27,3959900,255380000
2019-02-28,7775000,338520000
2019-03-01,10298900,289890000
2019-03-04,10870500,295510000
2019-03-05,11956100,252260000
2019-03-06,15392500,256250000
2019-03-07,9695800,289140000
2019-03-08,9909500,270500000
2019-03-11,5638000,309790000
2019-03-12,5638400,317730000
2019-03-13,5720000,331410000
2019-03-14,5792300,302790000
2019-03-15,9773500,616910000
2019-03-18,5296800,399530000
2019-03-19,5880900,342250000
2019-03-20,5171700,321980000
2019-03-21,3795200,335250000
2019-03-22,4855400,386510000
2019-03-25,4567200,303120000
2019-03-26,5582400,305110000
2019-03-27,5180900,270340000
2019-03-28,5768300,237170000
2019-03-29,4993100,300620000
2019-04-01,6328600,295570000
2019-04-02,36877800,250940000
2019-04-03,17901900,271980000
2019-04-04,14150500,233040000
2019-04-05,10509500,229550000
2019-04-08,7121000,229380000
2019-04-09,8987700,244410000
2019-04-10,5483200,203130000
2019-04-11,8194100,211680000
2019-04-12,7298800,369910000
2019-04-15,5963500,250620000
2019-04-16,7912100,302340000
2019-04-17,10103100,367780000
2019-04-18,7991300,332850000
2019-04-22,5445800,232570000
2019-04-23,8327000,311690000
2019-04-24,5997200,283370000
2019-04-25,6641200,296730000
2019-04-26,7253700,317290000
2019-04-29,5095200,279450000
2019-04-30,8175400,340320000
2019-05-01,5954200,303850000
2019-05-02,5301800,287610000
2019-05-03,5517000,248900000
2019-05-06,5520900,283020000
2019-05-07,6446200,334960000
2019-05-08,5347400,276420000
2019-05-09,4661200,334760000
2019-05-10,5039100,294580000
2019-05-13,5670200,361240000
2019-05-14,5458500,291570000
2019-05-15,4570200,270720000
2019-05-16,4722300,320960000
2019-05-17,4812300,283760000
2019-05-20,4641700,279560000
2019-05-21,4267700,260870000
2019-05-22,3372200,241760000
2019-05-23,5041400,316940000
2019-05-24,4296000,201370000
2019-05-28,6457800,358980000
2019-05-29,4208800,298930000
2019-05-30,3844400,215240000
2019-05-31,6568200,292230000
2019-06-03,6024200,328240000
2019-06-04,5978000,281690000
2019-06-05,4507500,262660000
2019-06-06,3418200,248070000
2019-06-07,4217700,263010000
2019-06-10,3673800,249280000
2019-06-11,4503900,253490000
2019-06-12,4212100,223690000
2019-06-13,3329000,213400000
2019-06-14,3246300,208020000
2019-06-17,4108700,199500000
2019-06-18,5977900,273490000
2019-06-19,4959100,240950000
2019-06-20,6157600,278170000
2019-06-21,13972800,485560000
2019-06-24,6725500,232390000
2019-06-25,8535100,282160000
2019-06-26,5951100,274340000
2019-06-27,12144500,246930000
2019-06-28,10395400,499350000
2019-07-01,5721500,267670000
2019-07-02,5108100,219270000
2019-07-03,3990500,149840000
2019-07-05,4120600,192170000
2019-07-08,3819600,214290000
2019-07-09,3517000,218330000
2019-07-10,5217900,207990000
2019-07-11,7161300,252300000
2019-07-12,3826100,248390000
2019-07-15,3581100,199730000
2019-07-16,3661100,226000000
2019-07-17,5185600,193930000
2019-07-18,4249200,216070000
2019-07-19,3639600,287690000
2019-07-22,3944900,216310000
2019-07-23,4583100,248850000
2019-07-24,4000500,244320000
2019-07-25,3071700,241420000
2019-07-26,3009300,233650000
2019-07-29,2793100,250850000
2019-07-30,2774000,293250000
2019-07-31,6642200,385150000
2019-08-01,5920900,386320000
2019-08-02,4524000,327640000
2019-08-05,6751700,422240000
2019-08-06,6742300,318160000
2019-08-07,6258400,344790000
2019-08-08,3400300,282530000
2019-08-09,2915900,240260000
2019-08-12,3729300,199390000
2019-08-13,5257300,308900000
2019-08-14,6193600,352250000
2019-08-15,6285300,332600000
2019-08-16,4333800,276210000
2019-08-19,5127600,252640000
2019-08-20,3312000,238100000
2019-08-21,2962100,208790000
2019-08-22,3772700,222810000
2019-08-23,5945400,364260000
2019-08-26,3645400,222780000
2019-08-27,5049500,263530000
2019-08-28,2610200,207070000
2019-08-29,3271100,208650000
2019-08-30,5194900,2190810000
2019-09-03,3975100,223210000
2019-09-04,4680000,202710000
2019-09-05,3807100,256670000
2019-09-06,2565600,209700000
2019-09-09,9416400,273120000
2019-09-10,6930900,322340000
2019-09-11,6992300,272590000
2019-09-12,6771700,250010000
2019-09-13,3872200,255260000
2019-09-16,3660800,220620000
2019-09-17,4841900,223580000
2019-09-18,3903800,212860000
2019-09-19,4365100,212360000
2019-09-20,10823700,497640000
2019-09-23,3778300,204240000
2019-09-24,5408600,301750000
2019-09-25,3385400,237220000
2019-09-26,3836300,229180000
2019-09-27,3403100,217780000
2019-09-30,3218300,222680000
2019-10-01,4824700,260110000
2019-10-02,5016000,309640000
2019-10-03,3625100,241610000
2019-10-04,3895400,221310000
2019-10-07,4427000,195200000
2019-10-08,4129700,244590000
2019-10-09,4737200,190060000
2019-10-10,3334200,217680000
2019-10-11,4803400,282080000
2019-10-14,2495600,178620000
2019-10-15,3390100,245510000
2019-10-16,2975000,214660000
2019-10-17,4815200,222540000
2019-10-18,4682400,288970000
2019-10-21,5180800,241030000
2019-10-22,3747900,265510000
2019-10-23,4589600,247680000
2019-10-24,3522400,253590000
2019-10-25,4806500,274610000
2019-10-28,8066800,290770000
2019-10-29,5968900,269610000
2019-10-30,3684400,231750000
2019-10-31,6969900,273830000
2019-11-01,8239000,270870000
2019-11-04,10758500,273030000
2019-11-05,28677900,286350000
2019-11-06,13655100,237910000
2019-11-07,9861700,259020000
2019-11-08,5450100,221440000
2019-11-11,24417800,202350000
2019-11-12,6901800,213670000
2019-11-13,4917100,278390000
2019-11-14,4184100,303970000
2019-11-15,5317400,283720000
2019-11-18,4575400,252320000
2019-11-19,4199200,245890000
2019-11-20,5933300,258140000
2019-11-21,3963200,232020000
2019-11-22,3506800,214780000
2019-11-25,4656800,248420000
2019-11-26,7656500,324050000
2019-11-27,4033800,198210000
2019-11-29,2177900,120630000
2019-12-02,5695000,236610000
2019-12-03,4816600,275350000
2019-12-04,3765700,218200000
2019-12-05,3814800,208600000
2019-12-06,3477200,223310000
2019-12-09,3953500,217000000
2019-12-10,3400800,213250000
2019-12-11,2951000,213510000
2019-12-12,3139800,277740000
2019-12-13,4356400,250660000
2019-12-16,5461500,286770000
2019-12-17,5417500,286770000
2019-12-18,4906100,289890000
2019-12-19,5198900,262570000
2019-12-20,8433100,603780000
2019-12-23,4813200,223530000
2019-12-24,1475400,86150000
2019-12-26,2736100,155970000
2019-12-27,3647600,182280000
2019-12-30,3264500,181600000
2019-12-31,3305100,193340000
2020-01-02,5700500,251820000
2020-01-03,4892300,239590000
2020-01-06,6003300,252760000
2020-01-07,4365700,258900000
2020-01-08,17431800,291750000
2020-01-09,8469600,275060000
2020-01-10,6688000,237830000
2020-01-13,5517800,249830000
2020-01-14,4466800,287440000
2020-01-15,3495600,260270000
2020-01-16,4974700,252110000
2020-01-17,5048300,321820000
2020-01-21,5940600,320640000
2020-01-22,3703800,283440000
2020-01-23,4994000,307060000
2020-01-24,6415400,380010000
2020-01-27,5108500,337270000
2020-01-28,4771000,330140000
2020-01-29,3509800,302290000
2020-01-30,3790900,326850000
2020-01-31,6532300,403890000
2020-02-03,5153000,307910000
2020-02-04,4911100,332750000
2020-02-05,5386600,357540000
2020-02-06,4399700,263700000
2020-02-07,3378200,252860000
2020-02-10,4326600,250510000
2020-02-11,4054100,279540000
2020-02-12,5362500,309530000
2020-02-13,3669500,291150000
2020-02-14,5153800,231000000
2020-02-18,4334400,256600000
2020-02-19,3279500,240640000
2020-02-20,3368400,287780000
2020-02-21,4643000,311210000
2020-02-24,8049800,452580000
2020-02-25,6336300,513270000
2020-02-26,7211400,472450000
2020-02-27,10123200,664980000
2020-02-28,11856800,915990000
2020-03-02,11247800,637200000
2020-03-03,10385300,647080000
2020-03-04,7194200,457590000
2020-03-05,7237100,477370000
2020-03-06,11823800,599780000
2020-03-09,12341100,750430000
2020-03-10,11190400,654860000
2020-03-11,8593900,663960000
2020-03-12,11245700,908260000
2020-03-13,11181100,843080000
2020-03-16,10490600,770130000
2020-03-17,9242800,793060000
2020-03-18,16597800,871360000
2020-03-19,10334600,780300000
2020-03-20,11030000,872290000
2020-03-23,8977100,787970000
2020-03-24,9638400,799340000
2020-03-25,11040500,796320000
2020-03-26,11095700,705180000
2020-03-27,5898000,588830000
2020-03-30,7114900,545540000
2020-03-31,9305200,571210000
2020-04-01,6798000,506680000
2020-04-02,18891100,529540000
2020-04-03,6488800,450010000
2020-04-06,10857800,610760000
2020-04-07,6691700,594660000
2020-04-08,6206500,472740000
2020-04-09,7114200,566400000
2020-04-13,4412300,394320000
2020-04-14,6482400,485910000
2020-04-15,6050200,437630000
2020-04-16,6130400,471050000
2020-04-17,6288500,525950000
2020-04-20,5951600,423410000
2020-04-21,5915000,485140000
2020-04-22,4676800,352880000
2020-04-23,4232100,389290000
2020-04-24,4102400,376020000
2020-04-27,6705500,389390000
2020-04-28,5707200,400250000
2020-04-29,5062500,455290000
2020-04-30,7887500,487840000
2020-05-01,7066200,418160000
2020-05-04,7189100,355360000
2020-05-05,7716900,369710000
2020-05-06,6240400,377450000
2020-05-07,6894000,369890000
2020-05-08,5966600,335760000
2020-05-11,4923500,352400000
2020-05-12,6303500,359480000
2020-05-13,11850200,469950000